-- phpMyAdmin SQL Dump
-- version 4.6.4
-- https://www.phpmyadmin.net/
--
-- Host: 127.0.0.1
-- Generation Time: Jan 16, 2019 at 03:47 AM
-- Server version: 5.7.14
-- PHP Version: 5.6.25

SET SQL_MODE = "NO_AUTO_VALUE_ON_ZERO";
SET time_zone = "+00:00";


/*!40101 SET @OLD_CHARACTER_SET_CLIENT=@@CHARACTER_SET_CLIENT */;
/*!40101 SET @OLD_CHARACTER_SET_RESULTS=@@CHARACTER_SET_RESULTS */;
/*!40101 SET @OLD_COLLATION_CONNECTION=@@COLLATION_CONNECTION */;
/*!40101 SET NAMES utf8mb4 */;

--
-- Database: `wine_store`
--

-- --------------------------------------------------------

--
-- Table structure for table `countries`
--

CREATE TABLE `countries` (
  `country_ID` int(11) NOT NULL,
  `country_name` varchar(20) NOT NULL
) ENGINE=InnoDB DEFAULT CHARSET=latin1;

--
-- Dumping data for table `countries`
--

INSERT INTO `countries` (`country_ID`, `country_name`) VALUES
(1, 'Portugal'),
(2, 'Spain'),
(3, 'France'),
(4, 'United States'),
(5, 'China'),
(6, 'Argentina'),
(7, 'Chile'),
(8, 'Australia'),
(9, 'South Africa'),
(10, 'Germany'),
(11, 'Italy'),
(12, 'Romania'),
(13, 'Greece'),
(14, 'Russia'),
(15, 'New_Zealand'),
(16, 'Brazil'),
(17, 'Hungary'),
(18, 'Austria'),
(19, 'Serbia'),
(20, 'Moldova'),
(21, 'Bulgaria'),
(22, 'Georgia'),
(23, 'Switzerland'),
(24, 'Ukraine'),
(25, 'Japan'),
(26, 'Peru'),
(27, 'Uruguay'),
(28, 'Canada'),
(29, 'Algeria'),
(30, 'Czech Republic'),
(31, 'Macedonia');

-- --------------------------------------------------------

--
-- Table structure for table `customers`
--

CREATE TABLE `customers` (
  `customer_ID` int(11) NOT NULL,
  `customer_full_name` varchar(20) NOT NULL,
  `customer_date_of_birth` date NOT NULL,
  `customer_country` varchar(40) NOT NULL,
  `customer_phone_number` varchar(15) NOT NULL
) ENGINE=InnoDB DEFAULT CHARSET=latin1;

--
-- Dumping data for table `customers`
--

INSERT INTO `customers` (`customer_ID`, `customer_full_name`, `customer_date_of_birth`, `customer_country`, `customer_phone_number`) VALUES
(1, 'Maximillian Mcmahon', '1975-10-27', 'Cambodia', '(584) 212-5172'),
(2, 'Alia Lamb', '1964-06-05', 'Ireland', '(887) 334-0670'),
(3, 'Hailey Calhoun', '1982-01-24', 'Tonga', '(715) 248-8345'),
(4, 'Corey Gibbs', '1970-02-24', 'Papua', '(353) 416-8724'),
(5, 'Konnor Dougherty', '1976-11-24', 'Sweden', '(834) 868-5964'),
(6, 'Kellen Shaw', '1960-11-30', 'England', '(672) 962-9070'),
(7, 'Raymond Palmer', '1970-03-17', 'Syria', '(890) 241-8714'),
(8, 'Mercedes Vargas', '1996-03-15', 'Israel', '(264) 437-7899'),
(9, 'Jazmine Salinas', '1964-09-25', 'Brunei', '(675) 209-9154'),
(10, 'Wade Bailey', '1996-02-18', 'Poland', '(659) 866-1478'),
(11, 'Jakayla Kirk', '1995-03-12', 'Namibia', '(832) 632-1736'),
(12, 'Sharon Hendrix', '1992-04-09', 'Afghanistan', '(647) 579-3391'),
(13, 'Kieran Newman', '1983-07-25', 'Vietnam', '(592) 583-3011'),
(14, 'Paulina Kline', '1986-12-04', 'Wales', '(931) 255-2036'),
(15, 'Levi Odonnell', '1985-08-24', 'Sweden', '(622) 353-5336'),
(16, 'Tabitha Ray', '1987-12-28', 'Armenia', '(320) 729-3873'),
(17, 'Cayden Cowan', '1990-04-05', 'Malawi', '(820) 409-3972'),
(18, 'Alejandra Pacheco', '1994-10-12', 'Morocco', '(271) 287-6883'),
(19, 'Tanner Solomon', '1969-12-06', 'Gambia', '(987) 249-7910'),
(20, 'Kylie Arias', '1985-04-24', 'Hungary', '(206) 745-2046'),
(21, 'Harmony Butler', '1969-06-26', 'Kazakhstan', '(514) 762-6690'),
(22, 'Makenzie Gentry', '1986-12-28', 'Georgia', '(622) 954-0085'),
(23, 'Rhianna Stafford', '1965-03-26', 'Estonia', '(217) 456-2689'),
(24, 'Melissa Jarvis', '1985-09-25', 'Tajikistan', '(266) 317-7136'),
(25, 'Savion Burnett', '1965-02-12', 'Cuba', '(531) 265-9825'),
(26, 'Alvaro Sosa', '1991-09-21', 'Panama', '(939) 781-5118'),
(27, 'Cristofer Callahan', '1964-12-23', 'Algeria', '(736) 210-3548'),
(28, 'Kaleigh Mccall', '1994-12-25', 'Lithuania', '(220) 474-2148'),
(29, 'Alessandra Pham', '1966-03-06', 'Oman', '(548) 537-2391'),
(30, 'Dale Shelton', '1974-02-10', 'Sudan', '(213) 397-3581'),
(31, 'Cecelia Hahn', '1982-07-13', 'Sri Lanka', '(323) 588-4638'),
(32, 'Rebecca Shannon', '1976-07-28', 'Antigua', '(970) 271-1150'),
(33, 'Katie Lin', '1983-02-09', 'Chad', '(796) 241-0705'),
(34, 'Harley Powell', '1979-09-15', 'Kiribati', '(846) 717-7648'),
(35, 'Maya Clayton', '1997-10-21', 'Tajikistan', '(949) 208-8821'),
(36, 'Ada Newman', '1975-07-26', 'Malta', '(657) 956-1936'),
(37, 'Phoebe Bell', '2000-10-09', 'San Marino', '(381) 926-8978'),
(38, 'Kaitlynn Conway', '1960-04-28', 'Guatemala', '(864) 951-2578'),
(39, 'Jagger Gould', '1995-11-11', 'Guyana', '(792) 487-4017'),
(40, 'Luz Glass', '1972-11-21', 'Ukraine', '(231) 767-1771'),
(41, 'Kallie Conway', '1997-12-02', 'Austria', '(542) 438-4788'),
(42, 'Rylan Harrell', '1995-09-28', 'El Salvador', '(592) 561-1332'),
(43, 'Eden Paul', '1979-04-10', 'Zimbabwe', '(997) 878-1706'),
(44, 'Mylee Mills', '1998-02-26', 'Indonesia', '(499) 393-2393'),
(45, 'Guillermo Gallegos', '1974-12-24', 'Gambia', '(481) 387-7410'),
(46, 'Liam Monroe', '1964-07-13', 'Kiribati', '(415) 916-7575'),
(47, 'Morgan Schroeder', '1966-12-28', 'Slovakia', '(801) 306-8780'),
(48, 'Darius Arellano', '1977-01-24', 'Singapore', '(302) 878-7308'),
(49, 'Lacey Wiggins', '1993-08-26', 'Norway', '(727) 888-0723'),
(50, 'Jeremiah Escobar', '1975-05-14', 'Greece', '(786) 582-6304'),
(51, 'Abraham Mejia', '1995-07-20', 'Burundi', '(947) 406-6348'),
(52, 'Dorian Bean', '1977-08-23', 'Guinea', '(403) 934-2219'),
(53, 'Danielle Franco', '1992-05-07', 'Saudi Arabia', '(743) 677-2452'),
(54, 'Hugh Wang', '1994-06-20', 'Afghanistan', '(352) 880-2912'),
(55, 'Hadassah Osborne', '1991-09-27', 'Great Britain', '(702) 573-5200'),
(56, 'Leyla Lambert', '1981-02-01', 'Norway', '(358) 543-4683'),
(57, 'Tomas Branch', '1973-08-23', 'Costa Rica', '(587) 815-5425'),
(58, 'Dana Rich', '1970-07-07', 'Antigua', '(462) 352-0058'),
(59, 'Elyse Massey', '1965-04-15', 'Senegal', '(695) 742-7033'),
(60, 'Graham Drake', '1963-07-22', 'Switzerland', '(413) 387-1296'),
(61, 'Jamya Oconnell', '1977-08-13', 'Germany', '(285) 581-3512'),
(62, 'Bronson Nichols', '1988-12-07', 'Chad', '(613) 206-0623'),
(63, 'Dallas Flynn', '2000-06-27', 'Emirate', '(391) 208-2512'),
(64, 'Triston Weiss', '1987-06-10', 'South Sudan', '(543) 476-3163'),
(65, 'Gillian Mclaughlin', '1976-02-14', 'Benin', '(730) 679-3144'),
(66, 'Haiden Hensley', '1977-05-13', 'Norway', '(721) 351-8080'),
(67, 'Keagan Spencer', '1962-07-14', 'Austria', '(477) 593-9119'),
(68, 'Rebekah Baxter', '1994-02-28', 'Eritrea', '(363) 538-3563'),
(69, 'Krystal Rich', '1972-02-14', 'Algeria', '(874) 530-5515'),
(70, 'Joseph Espinoza', '1984-04-23', 'Micronesia', '(918) 511-8641'),
(71, 'Zaniyah Ashley', '1964-05-31', 'Poland', '(456) 770-7431'),
(72, 'Jamari Frederick', '1995-10-16', 'East Timor', '(721) 269-9773'),
(73, 'Haylie Calderon', '1972-01-24', 'Iraq', '(805) 546-9254'),
(74, 'Cassie Gentry', '1960-02-28', 'Cambodia', '(587) 936-3243'),
(75, 'Trace Pham', '1999-07-25', 'Laos', '(556) 334-2609'),
(76, 'Sean Blanchard', '1965-12-16', 'Argentina', '(691) 375-1621'),
(77, 'Miguel Russo', '1982-10-06', 'Slovakia', '(304) 459-1873'),
(78, 'Karly Sharp', '1977-05-31', 'Albania', '(824) 853-7395'),
(79, 'Rhett Reyes', '1970-08-08', 'Iraq', '(575) 438-6658'),
(80, 'America Ramos', '1996-05-29', 'Somalia', '(680) 465-2667'),
(81, 'Ana Davila', '1973-10-15', 'Ecuador', '(914) 549-1560'),
(82, 'Ronin Vance', '1989-09-12', 'Philippines', '(786) 305-0583'),
(83, 'Keenan Middleton', '1972-09-01', 'Cambodia', '(456) 428-2631'),
(84, 'Cannon Arroyo', '1999-03-01', 'Switzerland', '(326) 408-6627'),
(85, 'Elise Reid', '1960-05-22', 'Haiti', '(568) 813-4478'),
(86, 'Demetrius Charles', '1968-09-29', 'Chile', '(564) 441-5459'),
(87, 'Lamar Francis', '1985-10-01', 'Santa Lucia', '(526) 591-9040'),
(88, 'Skylar Mcdaniel', '1971-01-14', 'Panama', '(637) 360-4171'),
(89, 'Melvin Franco', '1964-10-26', 'Benin', '(253) 809-9773'),
(90, 'Stanley Small', '1968-10-29', 'Greece', '(259) 212-1806'),
(91, 'Juan Hood', '1980-04-07', 'Austria', '(276) 353-0595'),
(92, 'Rey Moss', '1985-05-01', 'Micronesia', '(919) 711-8376'),
(93, 'Iyana Ashley', '2000-05-10', 'Great Britain', '(349) 281-6305'),
(94, 'Gage Villanueva', '1983-06-16', 'Saudi Arabia', '(313) 714-5763'),
(95, 'Lizbeth Mitchell', '1991-03-01', 'Andorra', '(764) 963-0113'),
(96, 'Jair Michael', '1969-02-13', 'Belize', '(647) 971-1100'),
(97, 'Ella Vincent', '1976-01-21', 'Andorra', '(346) 351-2656'),
(98, 'Cortez Watson', '2000-04-26', 'Poland', '(973) 369-1960'),
(99, 'Adam Robertson', '1970-07-29', 'Taiwan', '(374) 508-3738'),
(100, 'Macy Lynn', '1960-07-16', 'Vatican', '(680) 772-7831'),
(101, 'Hayden Bowers', '1995-12-06', 'St. Lucia', '(687) 698-8082'),
(102, 'Hudson Mcgrath', '1982-01-19', 'South Africa', '(492) 965-0035'),
(103, 'Armani Melton', '1976-12-18', 'Switzerland', '(484) 632-0938'),
(104, 'Anna Schmidt', '1990-01-18', 'Djibouti', '(471) 943-8005'),
(105, 'Ashton Stevens', '1965-03-24', 'Tunisia', '(964) 674-4791'),
(106, 'Araceli Conway', '1993-10-12', 'Haiti', '(418) 779-1745'),
(107, 'Gia Dunn', '1960-10-10', 'Honduras', '(359) 344-5255'),
(108, 'Trenton Hester', '1974-11-19', 'Tanzania', '(478) 929-7016'),
(109, 'Hayden Robles', '1980-12-07', 'Yemen', '(829) 665-3009'),
(110, 'Bailey Clark', '1960-11-20', 'South Sudan', '(904) 590-5514'),
(111, 'Georgia Shaffer', '1970-11-08', 'Malta', '(309) 818-7092'),
(112, 'Orlando Christian', '1967-01-25', 'Slovakia', '(880) 982-8899'),
(113, 'Miah Compton', '1993-06-03', 'Kuwait', '(955) 902-9791'),
(114, 'Eduardo Kline', '1978-07-04', 'Niger', '(845) 496-1718'),
(115, 'Adrienne Caldwell', '1995-09-24', 'Chile', '(473) 794-6346'),
(116, 'Natalia Keith', '1967-01-31', 'Lebanon', '(293) 362-2404'),
(117, 'Nick Macdonald', '1969-03-30', 'Tonga', '(577) 263-6229'),
(118, 'Taniyah Rivas', '1973-02-26', 'Vietnam', '(746) 753-8315'),
(119, 'Weston Pacheco', '1995-07-24', 'Angola', '(792) 942-5324'),
(120, 'Dustin Campbell', '1968-01-07', 'Latvia', '(536) 882-8538'),
(121, 'Yaritza Walsh', '1989-09-16', 'Albania', '(733) 570-1131'),
(122, 'Belinda David', '1990-07-14', 'Serbia', '(452) 843-9739'),
(123, 'Lucy Potts', '1983-01-17', 'Togo', '(570) 594-8304'),
(124, 'Tyler Dudley', '1988-03-01', 'Wales', '(764) 919-4652'),
(125, 'Neveah Vega', '1974-04-15', 'Grenada', '(661) 931-1737'),
(126, 'Shaylee Wu', '1981-10-20', 'Netherlands', '(968) 615-6116'),
(127, 'Jason Shields', '1969-06-19', 'Croatia', '(684) 994-8654'),
(128, 'Veronica Horton', '1994-10-16', 'Sierra Leone', '(810) 914-1443'),
(129, 'Denise Escobar', '1960-10-17', 'Malta', '(225) 463-0076'),
(130, 'Anahi Herrera', '1991-10-15', 'Angola', '(379) 374-7973'),
(131, 'Keshawn Lozano', '1994-09-10', 'Nauru', '(620) 875-0794'),
(132, 'Teagan Beard', '1982-11-01', 'Paraguay', '(486) 903-5843'),
(133, 'Camron Romero', '1975-12-28', 'Bangladesh', '(681) 230-7965'),
(134, 'Natalee Guzman', '1973-09-27', 'United States', '(548) 885-9634'),
(135, 'Haleigh Harrell', '1970-03-20', 'Cuba', '(630) 453-4877'),
(136, 'Maeve Mccormick', '1976-07-15', 'Nigeria', '(940) 386-2283'),
(137, 'Zain Porter', '1976-10-02', 'Nicaragua', '(355) 211-1163'),
(138, 'Tia Willis', '1978-06-17', 'Colombia', '(368) 874-9403'),
(139, 'Porter Romero', '1966-08-10', 'Russia', '(669) 488-8117'),
(140, 'Amirah Barker', '1997-02-25', 'Latvia', '(729) 494-9293'),
(141, 'Aidan Arnold', '1987-06-14', 'St. Kitts', '(251) 393-0569'),
(142, 'Chanel Beltran', '1962-11-13', 'Jamaica', '(354) 619-5185'),
(143, 'Lorena Schwartz', '1960-10-04', 'Nepal', '(787) 615-4041'),
(144, 'Eden Rowe', '1983-07-17', 'Guatemala', '(339) 706-4565'),
(145, 'Kylan Stephens', '2001-02-27', 'Azerbaijan', '(331) 444-2641'),
(146, 'Abbie Casey', '1980-11-22', 'Grenada', '(625) 478-6838'),
(147, 'Antony Valencia', '1999-11-29', 'Norway', '(603) 438-7948'),
(148, 'Lydia Tapia', '1995-06-13', 'Comoros', '(628) 626-5417'),
(149, 'Kian Patel', '1983-08-30', 'Paraguay', '(741) 331-6305'),
(150, 'Marquise Beasley', '1996-05-17', 'Central African Republic', '(396) 211-2941'),
(151, 'Livia Cantrell', '1970-11-18', 'Kosovo', '(323) 654-3669'),
(152, 'Anahi Mitchell', '1984-12-10', 'Fiji', '(368) 975-5480'),
(153, 'Lewis Flores', '1980-03-04', 'Kosovo', '(716) 265-2529'),
(154, 'Grace Hampton', '1964-12-02', 'Gabon', '(736) 223-4464'),
(155, 'Skylar Reed', '1995-05-25', 'Austria', '(259) 216-8528'),
(156, 'Helena Schroeder', '1968-03-27', 'South Africa', '(429) 336-9389'),
(157, 'Tristen Wheeler', '1967-08-06', 'Togo', '(635) 706-7769'),
(158, 'Jadyn Hatfield', '2001-04-14', 'Congo', '(868) 996-7275'),
(159, 'Leonel Conway', '1967-11-21', 'Bissau', '(520) 774-4165'),
(160, 'Nathanial Walls', '1998-06-21', 'Finland', '(399) 345-8378'),
(161, 'Adonis Cooke', '1968-11-15', 'Iraq', '(589) 678-7007'),
(162, 'Holly Hampton', '1985-07-08', 'Santa Lucia', '(897) 752-9611'),
(163, 'Konner Caldwell', '1989-06-22', 'Santa Lucia', '(852) 452-7007'),
(164, 'Lesly Welch', '1981-08-18', 'Estonia', '(590) 853-6598'),
(165, 'Devon Weaver', '2001-09-09', 'Mozambique', '(288) 644-9049'),
(166, 'Gael Holden', '1973-10-30', 'Cameroon', '(913) 999-8278'),
(167, 'Kyler Jarvis', '1985-06-29', 'Saint Kitts', '(813) 404-4676'),
(168, 'Aaliyah King', '1985-04-18', 'Bulgaria', '(838) 243-3968'),
(169, 'Kolten White', '1990-06-21', 'El Salvador', '(668) 340-7932'),
(170, 'Jasper Rose', '1990-01-04', 'Namibia', '(445) 746-0354'),
(171, 'Logan Camacho', '1969-11-24', 'Greece', '(875) 750-1817'),
(172, 'Kameron Blanchard', '1960-03-14', 'Santa Lucia', '(208) 797-7360'),
(173, 'Asia Galvan', '1971-09-07', 'Chad', '(280) 529-6423'),
(174, 'Cade Cruz', '1974-05-04', 'Fiji', '(927) 555-3501'),
(175, 'Clayton Ruiz', '1984-03-23', 'Peru', '(987) 854-9933'),
(176, 'Ethen Orr', '1996-01-08', 'Pakistan', '(427) 264-2043'),
(177, 'Carsen Kerr', '1976-10-24', 'Angola', '(230) 325-0526'),
(178, 'Chad Rojas', '1983-02-19', 'Estonia', '(415) 476-5370'),
(179, 'Carlos Warner', '1971-03-18', 'Algeria', '(213) 510-4478'),
(180, 'Teresa Cobb', '1975-08-26', 'Ukraine', '(856) 382-4729'),
(181, 'Rory Bradford', '1995-10-10', 'Vatican', '(896) 980-9831'),
(182, 'Raina Patton', '1977-01-15', 'Denmark', '(630) 263-1965'),
(183, 'Ruby Barber', '1989-10-13', 'Ivory Coast', '(956) 320-8263'),
(184, 'Yazmin Sherman', '1977-08-24', 'Austria', '(959) 898-1128'),
(185, 'Alan Butler', '1998-07-30', 'Tonga', '(745) 486-1929'),
(186, 'Elias Robles', '1989-12-28', 'Turkmenistan', '(682) 752-6879'),
(187, 'Fletcher Briggs', '1972-03-07', 'Denmark', '(927) 748-6098'),
(188, 'Keira Pruitt', '1985-06-08', 'Uganda', '(360) 301-2157'),
(189, 'Denisse Myers', '1968-07-29', 'Djibouti', '(793) 456-5826'),
(190, 'Cynthia Klein', '1989-03-11', 'Solomon', '(916) 613-1518'),
(191, 'Lorelai Castillo', '1972-08-15', 'Bahamas', '(338) 917-7961'),
(192, 'Kolten Welch', '2000-02-27', 'Korea', '(948) 363-5202'),
(193, 'Alejandro Sheppard', '1995-09-29', 'Mexico', '(678) 523-7516'),
(194, 'Seth Poole', '1995-12-01', 'Monaco', '(696) 254-9432'),
(195, 'Yaretzi Garrett', '2000-12-30', 'Cameroon', '(422) 482-0768'),
(196, 'Judith Cabrera', '1963-01-18', 'Antigua', '(533) 976-0616'),
(197, 'Aimee Bray', '2000-04-29', 'Zimbabwe', '(803) 293-9421'),
(198, 'Jaydon Dickerson', '1969-08-28', 'Luxembourg', '(208) 651-4879'),
(199, 'Jade Mitchell', '1980-05-07', 'Mauritania', '(476) 809-3235'),
(200, 'Alberto Sanford', '1997-08-15', 'St. Lucia', '(930) 373-0363'),
(201, 'Sidney Willis', '1960-07-19', 'Czech', '(477) 817-0084'),
(202, 'Jordyn Stanton', '1964-11-13', 'Nicaragua', '(223) 221-1111'),
(203, 'Edwin Dodson', '1992-07-13', 'Georgia', '(350) 684-0524'),
(204, 'Raegan Huff', '1999-01-29', 'Ethiopia', '(469) 323-4027'),
(205, 'Laney Rich', '1989-05-28', 'Andorra', '(211) 337-8912'),
(206, 'Jayvon Simpson', '1972-04-14', 'Tobago', '(902) 295-6497'),
(207, 'Aracely Jennings', '1997-02-12', 'Eritrea', '(556) 932-9689'),
(208, 'Emerson Kirby', '1993-05-23', 'Burma', '(310) 810-5225'),
(209, 'Mylie Richards', '1968-08-18', 'Chad', '(356) 921-4518'),
(210, 'Caylee Huber', '1981-08-06', 'Montenegro', '(702) 644-4816'),
(211, 'Jase Clarke', '1982-09-06', 'Uganda', '(829) 554-4804'),
(212, 'Karter Blackwell', '1966-08-02', 'Costa Rica', '(507) 443-0891'),
(213, 'Andrew Gould', '1978-11-24', 'Kyrgyzstan', '(914) 733-1566'),
(214, 'Eliana Velez', '1986-03-08', 'Bolivia', '(964) 645-0637'),
(215, 'Kristian Trujillo', '1978-01-20', 'Seychelles', '(938) 989-4958'),
(216, 'Elisabeth Mercer', '1972-07-10', 'Israel', '(630) 564-7870'),
(217, 'Livia Lewis', '1995-12-12', 'Nicaragua', '(723) 891-7367'),
(218, 'Pedro Huber', '2000-04-07', 'Great Britain', '(434) 813-5969'),
(219, 'Kendall Arroyo', '1973-04-21', 'Jordan', '(705) 912-3020'),
(220, 'Diya Gay', '1982-12-12', 'Spain', '(526) 497-8815'),
(221, 'Riya May', '1985-12-01', 'Wales', '(307) 610-3769'),
(222, 'Benjamin Duran', '1996-06-18', 'Libya', '(301) 913-3247'),
(223, 'Rachel Kennedy', '1975-02-12', 'Pakistan', '(452) 591-5347'),
(224, 'Isaiah Andrews', '1974-05-16', 'Samoa', '(319) 588-4855'),
(225, 'Shane Hooper', '1972-03-01', 'Myanmar', '(480) 212-1792'),
(226, 'Dylan Gilbert', '1967-08-21', 'San Marino', '(624) 696-5052'),
(227, 'Leonardo Byrd', '1999-03-19', 'Ivory Coast', '(347) 240-2925'),
(228, 'Mikaela Rosario', '1968-02-19', 'Singapore', '(695) 360-4487'),
(229, 'Lilliana Gentry', '1969-10-04', 'Turkmenistan', '(805) 684-7870'),
(230, 'Jade Boyer', '1962-11-03', 'Czech', '(358) 844-5928'),
(231, 'Andreas Mcknight', '1963-11-28', 'Nauru', '(750) 264-3556'),
(232, 'Israel Wang', '1965-09-27', 'Afghanistan', '(512) 378-8700'),
(233, 'Luciano Carpenter', '1974-04-24', 'San Marino', '(350) 737-2401'),
(234, 'Aryan Humphrey', '1969-12-04', 'Bahrain', '(928) 547-2347'),
(235, 'Dale Perez', '1974-10-03', 'Kenya', '(583) 818-7610'),
(236, 'Carlie Walton', '1977-11-15', 'Bahamas', '(802) 278-1675'),
(237, 'Hope Barajas', '1992-07-09', 'Oman', '(941) 647-4361'),
(238, 'Mason Carter', '1968-01-12', 'Tunisia', '(909) 222-4091'),
(239, 'Tatiana Bentley', '1995-06-12', 'Nauru', '(787) 387-7381'),
(240, 'Tiffany Donovan', '1983-08-05', 'Germany', '(940) 248-9862'),
(241, 'Myla Wolf', '1970-12-27', 'United States', '(566) 297-4412'),
(242, 'Melina Patrick', '1983-07-26', 'Korea', '(280) 517-9108'),
(243, 'Addison Huffman', '1990-12-24', 'Slovenia', '(359) 776-5177'),
(244, 'Henry Garrison', '1991-01-16', 'Morocco', '(810) 686-4137'),
(245, 'Conrad Sanders', '1981-11-06', 'Congo', '(220) 500-6384'),
(246, 'Willie Woodward', '1989-02-01', 'Tobago', '(457) 769-7274'),
(247, 'Jayda Hampton', '1967-03-18', 'Comoros', '(986) 440-4937'),
(248, 'Ingrid Ortega', '1991-08-28', 'Kazakhstan', '(927) 737-3086'),
(249, 'Roger Mckee', '1996-04-23', 'Trinidad', '(330) 771-3202'),
(250, 'Jerry Heath', '1998-06-24', 'Madagascar', '(218) 779-7088'),
(251, 'Monica Kaiser', '1991-06-18', 'Kenya', '(453) 341-8500'),
(252, 'Myla Charles', '1960-08-08', 'Myanmar', '(217) 795-4734'),
(253, 'Xzavier Andrade', '1964-10-02', 'Vanuatu', '(886) 554-0264'),
(254, 'Octavio Snow', '1995-10-15', 'Greece', '(626) 240-3145'),
(255, 'Cason Sandoval', '1969-01-11', 'Madagascar', '(587) 590-4559'),
(256, 'John Austin', '1982-08-30', 'Malawi', '(851) 822-3385'),
(257, 'Meredith Le', '1964-08-24', 'Central African Republic', '(914) 745-2528'),
(258, 'Preston Humphrey', '1968-03-30', 'Guinea', '(560) 496-5592'),
(259, 'Lyla Browning', '1982-04-03', 'Latvia', '(706) 544-3331'),
(260, 'Keegan Larsen', '1996-07-10', 'England', '(564) 765-6176'),
(261, 'Brooklynn Booth', '1964-11-03', 'France', '(359) 715-7791'),
(262, 'Alexa Perez', '2001-07-18', 'East Timor', '(765) 282-5102'),
(263, 'Tristen Joseph', '1971-04-11', 'Belize', '(781) 737-9301'),
(264, 'Rhett Barry', '1965-05-26', 'France', '(218) 707-0843'),
(265, 'Evie Mejia', '1992-03-28', 'Liechtenstein', '(248) 881-3822'),
(266, 'Richard Wall', '1970-08-12', 'Bhutan', '(964) 224-4024'),
(267, 'Cassius Benitez', '1999-08-15', 'Cyprus', '(442) 910-7350'),
(268, 'Silas Newman', '1991-03-31', 'Andorra', '(821) 409-4834'),
(269, 'Sebastian Murray', '1994-04-24', 'Great Britain', '(487) 789-7280'),
(270, 'June Melendez', '1984-02-07', 'Ivory Coast', '(484) 471-5476'),
(271, 'Tianna Booth', '1968-04-20', 'Uruguay', '(303) 349-9665'),
(272, 'Damaris Stark', '1997-06-12', 'Venezuela', '(992) 235-0395'),
(273, 'Brendon Bird', '1992-07-16', 'Portugal', '(678) 943-7929'),
(274, 'Larissa Huff', '1996-07-26', 'Wales', '(979) 220-6642'),
(275, 'Tyler Mora', '1993-03-19', 'Iraq', '(296) 897-1474'),
(276, 'Adriana Jefferson', '1974-02-15', 'Cape Verde', '(638) 597-2655'),
(277, 'Sebastian Jacobs', '1977-06-02', 'St. Lucia', '(508) 888-3054'),
(278, 'Douglas Gardner', '1981-08-03', 'Ethiopia', '(416) 882-7105'),
(279, 'Lucian Francis', '1969-10-06', 'Senegal', '(621) 382-5038'),
(280, 'Alena Yu', '1963-08-18', 'Netherlands', '(457) 611-8865'),
(281, 'Nathanial Rojas', '1967-06-09', 'Kuwait', '(364) 570-0607'),
(282, 'Junior Sherman', '1970-05-30', 'Greece', '(964) 363-4361'),
(283, 'Nelson Mahoney', '1985-07-04', 'Spain', '(207) 905-5241'),
(284, 'Bernard Case', '1979-10-20', 'Tunisia', '(220) 709-9954'),
(285, 'Clayton Green', '1980-09-24', 'Sri Lanka', '(956) 529-0020'),
(286, 'Hillary Mcguire', '2000-05-13', 'Nicaragua', '(527) 427-8761'),
(287, 'Katherine Haynes', '1985-04-17', 'Palau', '(398) 442-9055'),
(288, 'Kaylynn Richmond', '1982-11-25', 'Libya', '(230) 616-5013'),
(289, 'Ahmed Wagner', '2001-10-05', 'Cuba', '(955) 286-5029'),
(290, 'Stacy Hanna', '1966-09-27', 'Wales', '(914) 831-5816'),
(291, 'Quinton Beasley', '1979-09-21', 'Azerbaijan', '(882) 811-2328'),
(292, 'Kash Newman', '1970-10-27', 'Brazil', '(215) 795-6948'),
(293, 'Bailee Webster', '1984-05-13', 'Mauritania', '(482) 381-5120'),
(294, 'Cameron Short', '2001-09-19', 'Montenegro', '(301) 858-1110'),
(295, 'Addison Acosta', '1971-07-26', 'Tunisia', '(710) 595-0110'),
(296, 'Colin Allen', '1966-10-20', 'Singapore', '(582) 937-3443'),
(297, 'Jamison Harrell', '1960-02-09', 'Belarus', '(618) 597-1350'),
(298, 'Amelie Reyes', '1961-02-01', 'Malaysia', '(370) 783-4543'),
(299, 'Lucas Diaz', '1992-07-21', 'Mauritania', '(381) 889-4681'),
(300, 'Hazel Hinton', '1982-08-05', 'Vatican', '(276) 975-8578'),
(301, 'Kymani Scott', '1972-03-20', 'Papua', '(762) 754-3638'),
(302, 'Devyn Mckenzie', '1986-10-16', 'St. Kitts', '(588) 997-0069'),
(303, 'Chasity Dawson', '1978-11-27', 'Sao Tome', '(263) 357-2214'),
(304, 'Jaxon Murray', '1983-09-29', 'Bissau', '(748) 486-4291'),
(305, 'Shiloh Bridges', '1965-10-08', 'Afghanistan', '(432) 508-4710'),
(306, 'Khalil Reilly', '1996-08-05', 'Bissau', '(260) 217-3108'),
(307, 'Lea Christensen', '1961-10-03', 'Nauru', '(642) 473-9198'),
(308, 'Yazmin Gentry', '1973-03-10', 'Mauritania', '(938) 425-6308'),
(309, 'Salma Zhang', '1989-08-30', 'China', '(907) 836-4056'),
(310, 'Keagan Little', '2001-08-29', 'France', '(435) 971-0120'),
(311, 'Matteo Delacruz', '1973-12-03', 'Kyrgyzstan', '(263) 711-1260'),
(312, 'Salma Sims', '2001-02-18', 'Marshall', '(939) 777-0376'),
(313, 'Kolby Kirby', '1993-06-24', 'Qatar', '(988) 207-3012'),
(314, 'Serena Bowman', '1961-10-27', 'China', '(763) 677-4395'),
(315, 'Hector Cummings', '1985-04-27', 'Niger', '(858) 771-6238'),
(316, 'Kyla Atkinson', '1998-04-15', 'South Sudan', '(424) 353-6731'),
(317, 'Carmen Chavez', '1976-04-11', 'Azerbaijan', '(714) 609-1312'),
(318, 'Addison Guzman', '1987-02-24', 'Honduras', '(475) 857-1538'),
(319, 'Lilliana Jenkins', '1966-02-04', 'Guyana', '(407) 986-8159'),
(320, 'Justine Barron', '1972-03-09', 'San Marino', '(330) 592-5124'),
(321, 'Jeffery Key', '1984-02-14', 'Indonesia', '(822) 848-8317'),
(322, 'Bernard Rowe', '1972-04-27', 'Romania', '(228) 963-1721'),
(323, 'Sydnee Chung', '1960-09-16', 'Somalia', '(754) 695-7784'),
(324, 'Jett Fisher', '1980-08-18', 'Nigeria', '(302) 691-4362'),
(325, 'Jimena Kennedy', '1981-07-27', 'Ireland', '(491) 413-8104'),
(326, 'Alyvia Barnes', '1979-11-13', 'United Kingdom', '(997) 245-4039'),
(327, 'Willie Roach', '1981-06-04', 'Swaziland', '(719) 753-2317'),
(328, 'Saniyah Chase', '1986-12-09', 'Finland', '(707) 863-9715'),
(329, 'Davon Ward', '1981-02-25', 'Indonesia', '(928) 991-3347'),
(330, 'Talan Allison', '1980-10-29', 'Niger', '(926) 657-0423'),
(331, 'Lauren Booker', '1999-07-05', 'Sierra Leone', '(870) 571-2063'),
(332, 'Reyna Green', '1982-07-18', 'Emirate', '(643) 215-4097'),
(333, 'Rebecca Bray', '1983-12-05', 'Nigeria', '(618) 978-1289'),
(334, 'Ezra Knapp', '1960-03-30', 'Rwanda', '(945) 484-1189'),
(335, 'Kelton Ferguson', '1978-05-13', 'Burma', '(479) 521-4160'),
(336, 'Kendal Pitts', '1991-04-20', 'Uzbekistan', '(682) 723-0601'),
(337, 'America Roach', '1960-04-07', 'Qatar', '(659) 265-7608'),
(338, 'Marvin Zhang', '1979-08-16', 'Costa Rica', '(738) 591-9568'),
(339, 'Isabell Stevenson', '1999-10-10', 'Pakistan', '(978) 899-1510'),
(340, 'Ruby Randolph', '1981-11-13', 'Brazil', '(485) 267-1879'),
(341, 'Lilia Petty', '1962-09-05', 'Ghana', '(490) 268-2183'),
(342, 'Josue Hardy', '1979-03-11', 'Algeria', '(736) 981-6037'),
(343, 'Aarav Ponce', '1989-08-23', 'Afghanistan', '(265) 281-9169'),
(344, 'Jonathon Sweeney', '1964-02-03', 'Tobago', '(231) 946-6076'),
(345, 'Mylee Baker', '1972-12-28', 'Saudi Arabia', '(547) 914-6505'),
(346, 'Aimee Anthony', '1974-08-05', 'Bosnia', '(426) 748-7830'),
(347, 'Belen Patel', '1965-02-10', 'East Timor', '(923) 290-1172'),
(348, 'Barbara Miranda', '1982-10-06', 'Great Britain', '(457) 204-8624'),
(349, 'Kasey Gentry', '1974-05-24', 'Austria', '(929) 273-1523'),
(350, 'Shirley Dunlap', '1971-06-27', 'Zambia', '(482) 929-7950'),
(351, 'London Hinton', '1981-03-28', 'Liberia', '(619) 488-0611'),
(352, 'Hannah George', '2000-12-28', 'El Salvador', '(353) 771-8406'),
(353, 'Will Chavez', '1995-07-24', 'Montenegro', '(642) 284-0818'),
(354, 'Miranda Clarke', '1969-04-10', 'Croatia', '(816) 872-5026'),
(355, 'Deja Pittman', '1961-01-26', 'Nepal', '(454) 371-2089'),
(356, 'Adrian Graves', '2000-07-15', 'Armenia', '(739) 598-2879'),
(357, 'Ella Olson', '1972-02-28', 'Algeria', '(832) 608-4129'),
(358, 'Gunner Mendoza', '1987-07-24', 'Ivory Coast', '(924) 506-6113'),
(359, 'Marin Casey', '1987-08-20', 'Luxembourg', '(512) 669-1492'),
(360, 'Camila Lutz', '1998-09-13', 'St Lucia', '(761) 798-5958'),
(361, 'Maurice Pearson', '1983-05-03', 'Bangladesh', '(850) 350-9911'),
(362, 'Mohammad Hudson', '1981-04-09', 'Venezuela', '(385) 900-3799'),
(363, 'Lillianna Choi', '1993-11-15', 'Taiwan', '(688) 278-4718'),
(364, 'Justus Prince', '1978-12-01', 'Scotland', '(590) 848-6848'),
(365, 'Collin Douglas', '1962-11-09', 'Qatar', '(972) 714-4899'),
(366, 'Lola Crosby', '1966-05-25', 'Pakistan', '(904) 729-7659'),
(367, 'Cooper Lowe', '1975-04-22', 'Bhutan', '(445) 858-2076'),
(368, 'Litzy Todd', '1977-07-08', 'Pakistan', '(410) 869-6868'),
(369, 'Amani Vargas', '1980-11-23', 'Latvia', '(922) 638-9272'),
(370, 'Jakob Torres', '1982-12-25', 'Emirate', '(200) 929-8828'),
(371, 'Elisha Ryan', '1967-08-30', 'San Marino', '(714) 796-9992'),
(372, 'Selina Ho', '1995-06-25', 'Chad', '(470) 314-5940'),
(373, 'Lila Braun', '1981-03-02', 'Portugal', '(714) 313-0783'),
(374, 'Giada Newton', '1986-03-10', 'Dominica', '(337) 659-4471'),
(375, 'Piper Dunn', '1989-06-21', 'Venezuela', '(655) 726-3940'),
(376, 'Kinsley Wall', '1972-05-01', 'Sierra Leone', '(739) 746-0311'),
(377, 'Jackson Stafford', '2001-08-21', 'Finland', '(379) 623-7907'),
(378, 'Annalise Kramer', '1975-04-21', 'Italy', '(697) 482-0822'),
(379, 'Hadley Hawkins', '1989-09-08', 'Albania', '(399) 915-5680'),
(380, 'Olivia Trevino', '1987-04-30', 'Austria', '(209) 255-0802'),
(381, 'Jordan Shah', '1976-07-01', 'Serbia', '(210) 604-7567'),
(382, 'Mira Larson', '1968-01-20', 'St Lucia', '(643) 514-8502'),
(383, 'Kaelyn Vaughan', '1969-08-13', 'Eritrea', '(360) 909-2549'),
(384, 'Jasmine Thomas', '1990-10-30', 'Cambodia', '(618) 989-3693'),
(385, 'Zachary Morrison', '1974-07-19', 'Luxembourg', '(492) 621-2964'),
(386, 'Pierre Fowler', '1973-11-25', 'Marshall', '(657) 205-5218'),
(387, 'Angie Castaneda', '1990-08-29', 'Uganda', '(990) 699-9386'),
(388, 'Alessandra Herrera', '1967-01-30', 'Poland', '(547) 581-9479'),
(389, 'Madilynn Thomas', '1980-07-27', 'Zimbabwe', '(612) 814-9583'),
(390, 'Jaxson Hobbs', '1979-08-25', 'St Lucia', '(475) 968-5805'),
(391, 'Kara Blackburn', '1975-06-19', 'Sao Tome', '(343) 566-3471'),
(392, 'Peyton Mccormick', '1978-09-29', 'Uruguay', '(906) 335-2727'),
(393, 'Xavier Tapia', '1970-02-15', 'Cuba', '(221) 311-0750'),
(394, 'Nickolas Dyer', '1993-02-25', 'Angola', '(377) 729-4142'),
(395, 'Paola Miller', '1963-04-03', 'Egypt', '(916) 385-4295'),
(396, 'Armando Barnes', '1962-05-02', 'Mauritania', '(697) 386-4009'),
(397, 'Zachery Merritt', '1981-12-30', 'Uzbekistan', '(316) 442-7023'),
(398, 'Maddison Watson', '2000-01-15', 'Uruguay', '(413) 427-2395'),
(399, 'Adelaide Jennings', '1965-08-19', 'El Salvador', '(216) 561-8728'),
(400, 'Ryan Mcclure', '1981-05-26', 'Yemen', '(763) 881-2021'),
(401, 'Kamora Ware', '1978-11-21', 'Chile', '(585) 280-9100'),
(402, 'Jaiden Patterson', '1973-01-16', 'Kiribati', '(304) 255-4601'),
(403, 'Andres Chen', '1993-11-26', 'Jordan', '(419) 601-4585'),
(404, 'Lena Adams', '1960-12-17', 'Slovakia', '(852) 731-9565'),
(405, 'Mercedes Frazier', '1996-05-11', 'Barbados', '(617) 726-4202'),
(406, 'Jairo Daniels', '1984-05-01', 'Oman', '(276) 789-9716'),
(407, 'Madden Cantu', '1972-01-06', 'Spain', '(347) 710-9620'),
(408, 'Brennen Camacho', '1990-10-28', 'Jordan', '(851) 394-3681'),
(409, 'Aubrey Gibson', '1984-01-02', 'Cyprus', '(511) 855-6383'),
(410, 'Braden Bates', '1987-07-21', 'Argentina', '(863) 876-7506'),
(411, 'Isaiah Bradshaw', '1963-04-14', 'Serbia', '(307) 654-4939'),
(412, 'Sergio Nielsen', '1970-04-24', 'France', '(307) 922-3004'),
(413, 'Ariella Mccarthy', '1995-10-07', 'Angola', '(779) 345-5261'),
(414, 'Aliyah Boone', '1990-05-21', 'Oman', '(563) 380-9637'),
(415, 'Paulina Kirk', '1978-02-03', 'Egypt', '(712) 268-0393'),
(416, 'Howard Jacobson', '1991-08-20', 'Kazakhstan', '(930) 475-5302'),
(417, 'Anastasia Kelly', '1962-11-30', 'Belize', '(796) 857-7881'),
(418, 'Angela Martin', '1975-09-08', 'Central African Republic', '(948) 317-7389'),
(419, 'Damaris Bowen', '1982-03-31', 'Guinea', '(550) 695-8703'),
(420, 'Amara Young', '1991-11-12', 'Mauritius', '(576) 889-8878'),
(421, 'Heidi Weber', '1982-07-02', 'Mozambique', '(397) 695-7386'),
(422, 'Liam Ruiz', '1978-07-01', 'Turkey', '(876) 961-6604'),
(423, 'Everett Bailey', '1972-01-27', 'Mauritius', '(340) 934-5852'),
(424, 'Olivia Rhodes', '1987-07-20', 'Kiribati', '(352) 510-5575'),
(425, 'Anabelle Barton', '1966-08-10', 'Vietnam', '(721) 676-8546'),
(426, 'Madalyn Newton', '1965-05-17', 'Oman', '(777) 606-9415'),
(427, 'Mikaela Pierce', '1961-01-16', 'Belarus', '(365) 932-0293'),
(428, 'Abraham Hoover', '1974-02-26', 'Australia', '(834) 587-8408'),
(429, 'Abril Frost', '1989-01-03', 'Palau', '(792) 312-6301'),
(430, 'Xiomara Velasquez', '1981-11-14', 'Sweden', '(346) 598-3821'),
(431, 'Nash Wilcox', '1965-11-01', 'Angola', '(319) 248-2406'),
(432, 'Kyra Knapp', '1969-10-14', 'Barbados', '(274) 728-3685'),
(433, 'Kathy Bauer', '1968-09-17', 'Malta', '(576) 775-7816'),
(434, 'Taylor Zhang', '1987-10-15', 'Laos', '(531) 670-7197'),
(435, 'Catherine Snow', '1978-11-25', 'Turkmenistan', '(372) 970-1234'),
(436, 'Jaylah Salazar', '1982-03-04', 'Lithuania', '(430) 456-9735'),
(437, 'Nataly Willis', '1995-03-25', 'Macedonia', '(397) 232-9614'),
(438, 'Kolton Valentine', '1964-06-04', 'Cyprus', '(391) 710-5526'),
(439, 'Rowan Campbell', '1996-07-12', 'Nepal', '(681) 778-2237'),
(440, 'Bernard Santos', '1987-11-19', 'Netherlands', '(959) 539-1141'),
(441, 'Dashawn Castillo', '1973-02-27', 'Netherlands', '(317) 581-0439'),
(442, 'Izayah Moon', '1986-07-31', 'Burundi', '(620) 731-9255'),
(443, 'Landin Davidson', '1993-03-30', 'Tobago', '(733) 602-4117'),
(444, 'Jamarcus Hale', '1993-01-15', 'East Timor', '(771) 593-8369'),
(445, 'Tatiana Hawkins', '1967-02-18', 'Greece', '(385) 703-4631'),
(446, 'Giovani Rich', '1996-12-15', 'Papua', '(427) 561-5583'),
(447, 'Camden Monroe', '1972-03-30', 'Latvia', '(253) 589-9442'),
(448, 'Tobias Le', '1990-12-10', 'Netherlands', '(302) 501-3694'),
(449, 'Krish Townsend', '2000-05-13', 'Italy', '(233) 996-0481'),
(450, 'Eli Shelton', '1993-09-25', 'Latvia', '(633) 884-7947'),
(451, 'Bryson Daniels', '1988-03-21', 'Gambia', '(494) 436-8522'),
(452, 'Tripp Lee', '2001-07-29', 'Morocco', '(848) 564-6921'),
(453, 'Logan Rosales', '1986-06-17', 'Croatia', '(903) 892-6432'),
(454, 'Genevieve Patterson', '1991-06-11', 'France', '(618) 819-3126'),
(455, 'Gerald Adkins', '1972-06-26', 'Bhutan', '(586) 633-6799'),
(456, 'Kason Mejia', '1981-04-16', 'British', '(905) 543-3046'),
(457, 'Jeffery York', '1967-12-24', 'Emirate', '(960) 695-7156'),
(458, 'Jamya Stevenson', '1973-01-20', 'El Salvador', '(598) 519-9019'),
(459, 'Amare Bailey', '1964-03-21', 'Lebanon', '(443) 747-5000'),
(460, 'Gabriella Massey', '2000-08-12', 'Taiwan', '(358) 949-3401'),
(461, 'Julien Fleming', '1961-08-23', 'Suriname', '(576) 880-3663'),
(462, 'Gavin Caldwell', '1964-10-09', 'Australia', '(511) 372-0263'),
(463, 'Leonel Buck', '1980-03-02', 'Cameroon', '(779) 561-4139'),
(464, 'Fatima Miles', '1973-01-15', 'Lebanon', '(971) 992-7346'),
(465, 'Marcel Woods', '2001-02-07', 'Benin', '(213) 707-9948'),
(466, 'Mohammed Lozano', '1963-03-30', 'Estonia', '(332) 362-5010'),
(467, 'Aspen Blair', '1996-05-16', 'Mauritius', '(951) 654-0656'),
(468, 'Cheyanne Meyers', '1970-09-07', 'Poland', '(729) 265-6220'),
(469, 'Reese Conrad', '1987-01-18', 'Bulgaria', '(939) 384-1740'),
(470, 'Kelsie West', '1983-11-09', 'Luxembourg', '(365) 634-0033'),
(471, 'Maliyah Chung', '1965-08-04', 'Solomon', '(293) 251-8571'),
(472, 'Alejandro Howe', '2001-05-25', 'Santa Lucia', '(645) 600-3097'),
(473, 'Will Anthony', '1973-02-26', 'Senegal', '(881) 583-4206'),
(474, 'Vance Waters', '1990-01-01', 'Kazakhstan', '(469) 734-9312'),
(475, 'Cristal Browning', '1970-02-19', 'Bahrain', '(940) 821-2128'),
(476, 'Sidney Phelps', '1984-07-17', 'Cape Verde', '(299) 977-6530'),
(477, 'Brisa Compton', '1989-10-14', 'China', '(557) 518-7778'),
(478, 'Leonel Fitzgerald', '1982-10-14', 'Barbados', '(950) 599-7659'),
(479, 'Deangelo Butler', '1996-08-10', 'Ukraine', '(762) 995-3447'),
(480, 'Teresa Shepherd', '1975-11-05', 'Micronesia', '(926) 897-0073'),
(481, 'Pranav Middleton', '1970-03-26', 'St Kitts', '(403) 629-0653'),
(482, 'Ace Khan', '1965-12-08', 'Georgia', '(604) 811-2417'),
(483, 'Jaylin Howell', '1974-05-20', 'Japan', '(383) 463-8996'),
(484, 'Azaria Hancock', '1978-01-05', 'Egypt', '(862) 238-8870'),
(485, 'Omar Mcguire', '1973-05-25', 'Solomon', '(747) 980-6072'),
(486, 'Ashleigh Patrick', '1984-03-30', 'Georgia', '(572) 389-3383'),
(487, 'Julianna Floyd', '1987-09-26', 'Bahamas', '(641) 349-2887'),
(488, 'Keira Sandoval', '1996-07-09', 'Nauru', '(378) 385-5724'),
(489, 'Dakota Walters', '1993-10-29', 'Canada', '(931) 583-1108'),
(490, 'Karlee Cisneros', '1978-07-04', 'Ivory Coast', '(279) 620-3569'),
(491, 'Denise Andrews', '1974-04-08', 'Egypt', '(408) 240-2112'),
(492, 'Kiersten Christian', '1967-02-04', 'Philippines', '(976) 431-3824'),
(493, 'Yahir Henderson', '1987-11-21', 'Antigua', '(677) 615-0105'),
(494, 'Jamal Ortega', '1990-07-08', 'Marshall', '(245) 995-8041'),
(495, 'Leanna Pruitt', '1996-09-29', 'Saudi Arabia', '(685) 554-6319'),
(496, 'Anaya Delacruz', '1964-01-13', 'Peru', '(731) 377-9571'),
(497, 'Moses Morton', '1968-12-21', 'Congo', '(317) 205-7347'),
(498, 'Salvador Estes', '1961-06-19', 'Comoros', '(671) 750-1576'),
(499, 'Diana Odonnell', '1985-09-09', 'Peru', '(755) 454-4247'),
(500, 'Shamar Robertson', '1990-01-07', 'South Africa', '(428) 386-5498');

-- --------------------------------------------------------

--
-- Table structure for table `grape_varieties`
--

CREATE TABLE `grape_varieties` (
  `grape_variety_ID` int(11) NOT NULL,
  `grape_variety_name` varchar(20) NOT NULL
) ENGINE=InnoDB DEFAULT CHARSET=latin1;

--
-- Dumping data for table `grape_varieties`
--

INSERT INTO `grape_varieties` (`grape_variety_ID`, `grape_variety_name`) VALUES
(1, 'Aglianico'),
(2, 'Albariño'),
(3, 'Assyrtiko '),
(4, 'Cabernet Franc '),
(5, 'Cabernet Sauvignon '),
(6, 'Carignan '),
(7, 'Carménère '),
(8, 'Chardonnay '),
(9, 'Chenin Blanc'),
(10, 'Cinsault '),
(11, 'Dolcetto '),
(12, 'Fiano '),
(13, 'Friulano '),
(14, 'Gamay '),
(15, 'Gewürztraminer '),
(16, 'Grenache/Garnacha '),
(17, 'Grüner Veltliner'),
(18, 'Malbec '),
(19, 'Malagousia '),
(20, 'Merlot '),
(21, 'Montepulciano '),
(22, 'Mourvèdre '),
(23, 'Nebbiolo '),
(24, 'Pinot Gris'),
(25, 'Pinot Noir '),
(26, 'Pinotage '),
(27, 'Primitivo'),
(28, 'Riesling '),
(29, 'Sangiovese '),
(30, 'Sauvignon Blanc '),
(31, 'Shiraz '),
(32, 'Sémillon'),
(33, 'Tempranillo '),
(34, 'Torrontés '),
(35, 'Touriga Nacional '),
(36, 'Verdicchio '),
(37, 'Viognier '),
(38, 'Zinfandel');

-- --------------------------------------------------------

--
-- Table structure for table `purchases`
--

CREATE TABLE `purchases` (
  `purchase_ID` int(11) NOT NULL,
  `customer_ID` int(11) NOT NULL,
  `wine_ID` int(11) NOT NULL,
  `date_of_purchase` date NOT NULL,
  `amount_of_purchase` int(11) NOT NULL
) ENGINE=InnoDB DEFAULT CHARSET=latin1;

--
-- Dumping data for table `purchases`
--

INSERT INTO `purchases` (`purchase_ID`, `customer_ID`, `wine_ID`, `date_of_purchase`, `amount_of_purchase`) VALUES
(1, 491, 178, '2005-06-18', 42),
(2, 167, 83, '2005-08-07', 21),
(3, 435, 103, '2009-06-25', 44),
(4, 192, 11, '2006-05-28', 24),
(5, 496, 210, '2003-01-28', 2),
(6, 232, 221, '2011-09-09', 31),
(7, 352, 229, '2002-08-14', 4),
(8, 223, 174, '2011-05-23', 30),
(9, 331, 245, '2012-02-10', 38),
(10, 330, 29, '2001-05-12', 17),
(11, 306, 125, '2004-06-20', 31),
(12, 252, 183, '2014-11-13', 10),
(13, 221, 8, '2006-09-04', 3),
(14, 362, 144, '2012-01-04', 21),
(15, 248, 68, '2010-10-01', 13),
(16, 326, 205, '2014-11-27', 12),
(17, 458, 11, '2011-11-27', 20),
(18, 171, 147, '2000-05-25', 30),
(19, 163, 227, '2006-10-19', 10),
(20, 303, 167, '2006-01-27', 30),
(21, 273, 45, '2014-06-24', 9),
(22, 98, 253, '2010-07-25', 38),
(23, 476, 202, '2009-01-22', 26),
(24, 302, 227, '2002-02-09', 35),
(25, 255, 130, '2009-06-22', 9),
(26, 79, 91, '2011-01-28', 10),
(27, 427, 26, '2001-07-03', 18),
(28, 34, 206, '2004-05-17', 17),
(29, 240, 249, '2010-02-24', 9),
(30, 462, 68, '2001-04-04', 50),
(31, 62, 275, '2010-06-26', 34),
(32, 46, 81, '2009-10-13', 45),
(33, 381, 31, '2007-01-12', 22),
(34, 12, 176, '2010-11-14', 35),
(35, 217, 249, '2003-04-28', 13),
(36, 84, 122, '2007-05-08', 24),
(37, 393, 136, '2010-01-31', 33),
(38, 415, 83, '2013-11-25', 26),
(39, 275, 233, '2007-12-26', 31),
(40, 141, 91, '2011-05-19', 35),
(41, 30, 122, '2002-06-18', 46),
(42, 206, 272, '2001-02-05', 19),
(43, 477, 1, '2011-07-30', 27),
(44, 95, 55, '2007-07-06', 28),
(45, 281, 203, '2001-10-31', 20),
(46, 63, 135, '2003-05-29', 34),
(47, 51, 119, '2001-03-08', 28),
(48, 104, 44, '2007-07-22', 46),
(49, 454, 219, '2013-12-23', 47),
(50, 343, 14, '2012-07-04', 5),
(51, 371, 147, '2001-06-03', 47),
(52, 62, 219, '2003-03-02', 50),
(53, 55, 145, '2013-12-02', 6),
(54, 245, 142, '2007-12-30', 34),
(55, 447, 260, '2004-11-23', 44),
(56, 181, 178, '2001-05-08', 26),
(57, 243, 125, '2012-02-18', 50),
(58, 399, 23, '2003-09-20', 20),
(59, 41, 233, '2002-05-24', 41),
(60, 220, 23, '2006-04-05', 39),
(61, 370, 118, '2002-09-11', 35),
(62, 59, 270, '2001-12-22', 30),
(63, 221, 92, '2002-11-27', 50),
(64, 12, 36, '2013-12-12', 50),
(65, 236, 27, '2005-04-09', 42),
(66, 165, 28, '2008-06-23', 22),
(67, 126, 273, '2000-08-09', 29),
(68, 307, 77, '2011-08-02', 29),
(69, 354, 102, '2008-07-04', 16),
(70, 178, 101, '2008-01-26', 48),
(71, 268, 71, '2000-02-02', 19),
(72, 282, 1, '2004-08-30', 1),
(73, 420, 118, '2014-12-04', 33),
(74, 293, 51, '2009-02-17', 13),
(75, 204, 163, '2013-02-28', 45),
(76, 379, 270, '2002-02-12', 29),
(77, 307, 17, '2000-02-14', 9),
(78, 497, 45, '2003-07-19', 46),
(79, 227, 94, '2005-07-12', 42),
(80, 428, 94, '2009-06-28', 17),
(81, 474, 44, '2003-11-07', 15),
(82, 66, 119, '2003-08-01', 43),
(83, 185, 213, '2002-01-27', 10),
(84, 383, 21, '2007-10-11', 34),
(85, 110, 179, '2014-08-24', 27),
(86, 401, 60, '2014-06-10', 9),
(87, 465, 156, '2001-01-17', 16),
(88, 148, 279, '2009-04-12', 50),
(89, 309, 81, '2001-03-27', 24),
(90, 327, 34, '2004-04-05', 7),
(91, 488, 67, '2012-09-12', 34),
(92, 67, 276, '2001-05-24', 48),
(93, 101, 41, '2007-07-10', 49),
(94, 197, 153, '2014-05-11', 7),
(95, 90, 160, '2002-03-14', 8),
(96, 374, 269, '2009-12-09', 16),
(97, 380, 106, '2006-10-04', 47),
(98, 346, 81, '2010-05-05', 31),
(99, 92, 272, '2009-01-17', 10),
(100, 154, 109, '2008-03-01', 43),
(101, 18, 69, '2003-06-09', 42),
(102, 204, 36, '2004-08-25', 14),
(103, 224, 34, '2012-01-05', 15),
(104, 112, 112, '2004-04-15', 43),
(105, 294, 195, '2001-07-06', 39),
(106, 159, 260, '2014-05-15', 24),
(107, 149, 2, '2006-01-21', 39),
(108, 355, 31, '2000-04-09', 26),
(109, 284, 122, '2004-11-05', 31),
(110, 94, 252, '2011-11-07', 41),
(111, 392, 73, '2007-01-16', 31),
(112, 211, 278, '2008-01-07', 10),
(113, 280, 276, '2012-02-15', 12),
(114, 65, 248, '2005-07-04', 15),
(115, 131, 146, '2000-09-14', 19),
(116, 220, 113, '2011-04-16', 14),
(117, 275, 45, '2010-12-29', 47),
(118, 178, 206, '2007-05-08', 10),
(119, 114, 52, '2005-05-16', 49),
(120, 243, 185, '2013-11-10', 27),
(121, 203, 275, '2010-11-22', 41),
(122, 60, 235, '2012-08-14', 14),
(123, 91, 109, '2003-06-19', 43),
(124, 39, 179, '2003-04-08', 26),
(125, 400, 173, '2014-07-26', 22),
(126, 301, 237, '2013-08-15', 33),
(127, 348, 130, '2001-04-30', 39),
(128, 175, 211, '2011-12-19', 26),
(129, 168, 85, '2000-01-31', 10),
(130, 457, 216, '2010-06-15', 8),
(131, 165, 118, '2000-01-12', 48),
(132, 414, 240, '2003-01-25', 21),
(133, 51, 121, '2014-02-22', 49),
(134, 227, 128, '2014-10-21', 30),
(135, 316, 89, '2004-02-02', 33),
(136, 209, 40, '2007-07-18', 16),
(137, 77, 80, '2004-07-22', 29),
(138, 288, 242, '2004-12-31', 24),
(139, 419, 4, '2007-03-12', 6),
(140, 440, 265, '2012-12-21', 42),
(141, 72, 31, '2003-06-10', 41),
(142, 500, 37, '2001-12-16', 21),
(143, 255, 232, '2010-02-11', 48),
(144, 466, 116, '2000-07-12', 15),
(145, 475, 48, '2002-08-12', 6),
(146, 265, 165, '2011-05-03', 1),
(147, 184, 238, '2004-04-14', 40),
(148, 296, 60, '2003-11-05', 36),
(149, 70, 36, '2012-04-04', 32),
(150, 174, 105, '2012-07-25', 50),
(151, 37, 139, '2006-04-10', 47),
(152, 407, 169, '2004-11-12', 19),
(153, 401, 191, '2010-07-23', 38),
(154, 44, 241, '2001-05-18', 14),
(155, 142, 160, '2012-12-27', 10),
(156, 81, 82, '2014-07-12', 31),
(157, 24, 71, '2000-11-09', 34),
(158, 289, 229, '2011-12-06', 17),
(159, 181, 124, '2011-02-14', 45),
(160, 315, 219, '2008-12-25', 21),
(161, 466, 49, '2004-08-06', 17),
(162, 101, 13, '2012-06-13', 26),
(163, 350, 268, '2010-09-18', 43),
(164, 315, 49, '2008-06-22', 4),
(165, 65, 234, '2005-10-20', 24),
(166, 492, 36, '2001-03-12', 12),
(167, 188, 129, '2011-01-12', 34),
(168, 16, 99, '2014-09-20', 35),
(169, 237, 217, '2009-11-23', 31),
(170, 367, 33, '2009-12-02', 26),
(171, 356, 79, '2001-01-12', 44),
(172, 81, 235, '2010-01-24', 13),
(173, 397, 61, '2008-08-23', 42),
(174, 429, 178, '2001-02-27', 45),
(175, 321, 131, '2004-08-22', 40),
(176, 237, 123, '2006-09-23', 32),
(177, 10, 82, '2007-04-18', 16),
(178, 360, 33, '2000-06-12', 38),
(179, 481, 10, '2008-04-02', 11),
(180, 405, 216, '2006-12-01', 23),
(181, 472, 202, '2011-07-11', 1),
(182, 416, 208, '2005-04-12', 45),
(183, 163, 193, '2005-08-11', 20),
(184, 75, 272, '2005-09-15', 17),
(185, 164, 129, '2007-04-05', 2),
(186, 191, 161, '2009-09-08', 8),
(187, 286, 97, '2007-11-21', 13),
(188, 10, 57, '2012-07-11', 1),
(189, 409, 228, '2006-11-25', 12),
(190, 463, 148, '2009-06-29', 29),
(191, 140, 2, '2005-03-15', 4),
(192, 35, 161, '2002-02-11', 27),
(193, 358, 95, '2000-02-26', 1),
(194, 78, 10, '2010-01-23', 24),
(195, 332, 206, '2008-04-05', 14),
(196, 106, 82, '2011-03-28', 8),
(197, 212, 250, '2003-09-12', 1),
(198, 166, 271, '2014-08-30', 21),
(199, 399, 187, '2012-12-06', 26),
(200, 50, 229, '2001-05-27', 41),
(201, 259, 198, '2011-02-15', 20),
(202, 353, 217, '2005-09-08', 44),
(203, 71, 133, '2007-07-07', 35),
(204, 296, 27, '2013-09-19', 24),
(205, 427, 14, '2000-03-14', 22),
(206, 79, 69, '2013-05-19', 24),
(207, 165, 133, '2001-09-28', 40),
(208, 269, 160, '2014-02-14', 6),
(209, 261, 224, '2001-10-17', 19),
(210, 47, 21, '2009-05-25', 37),
(211, 471, 146, '2013-11-01', 46),
(212, 379, 232, '2005-01-03', 10),
(213, 144, 194, '2014-01-16', 50),
(214, 110, 139, '2010-07-21', 2),
(215, 344, 157, '2000-02-13', 1),
(216, 225, 246, '2012-09-28', 36),
(217, 267, 168, '2012-10-04', 12),
(218, 296, 247, '2002-09-21', 18),
(219, 125, 72, '2012-05-30', 31),
(220, 283, 116, '2009-07-11', 48),
(221, 305, 43, '2012-07-06', 42),
(222, 96, 165, '2009-03-06', 35),
(223, 455, 21, '2007-04-18', 47),
(224, 321, 31, '2009-04-09', 49),
(225, 40, 179, '2000-08-15', 42),
(226, 399, 148, '2011-04-23', 27),
(227, 19, 262, '2007-10-02', 21),
(228, 230, 23, '2014-05-05', 17),
(229, 342, 35, '2001-10-12', 3),
(230, 236, 259, '2010-12-25', 31),
(231, 368, 92, '2001-09-15', 15),
(232, 331, 61, '2008-12-09', 17),
(233, 192, 243, '2010-12-23', 38),
(234, 75, 229, '2004-04-03', 25),
(235, 2, 178, '2004-09-11', 9),
(236, 188, 252, '2010-03-06', 14),
(237, 454, 119, '2001-04-18', 27),
(238, 6, 274, '2012-10-13', 24),
(239, 403, 42, '2001-09-06', 31),
(240, 128, 80, '2005-09-22', 4),
(241, 159, 112, '2013-10-02', 24),
(242, 288, 136, '2014-10-25', 24),
(243, 474, 40, '2014-03-31', 48),
(244, 331, 266, '2014-04-06', 15),
(245, 347, 88, '2014-04-27', 32),
(246, 24, 244, '2001-12-11', 4),
(247, 407, 272, '2005-01-03', 49),
(248, 414, 132, '2010-10-23', 48),
(249, 131, 18, '2002-11-07', 1),
(250, 474, 258, '2013-10-10', 41),
(251, 14, 207, '2006-01-07', 16),
(252, 211, 234, '2014-07-16', 8),
(253, 326, 136, '2006-02-21', 15),
(254, 212, 182, '2001-06-23', 34),
(255, 169, 1, '2011-06-15', 5),
(256, 179, 213, '2010-02-15', 8),
(257, 377, 251, '2004-06-29', 8),
(258, 338, 105, '2005-06-19', 32),
(259, 50, 117, '2011-06-12', 15),
(260, 360, 117, '2013-12-13', 39),
(261, 21, 265, '2014-08-20', 17),
(262, 14, 255, '2010-09-09', 18),
(263, 191, 81, '2012-09-17', 14),
(264, 378, 20, '2007-05-25', 5),
(265, 164, 117, '2014-05-11', 5),
(266, 45, 94, '2009-01-07', 11),
(267, 69, 155, '2002-09-18', 25),
(268, 268, 29, '2009-05-27', 43),
(269, 347, 189, '2002-01-13', 21),
(270, 238, 237, '2011-03-03', 34),
(271, 137, 132, '2000-12-05', 1),
(272, 430, 124, '2013-09-12', 13),
(273, 53, 127, '2003-01-22', 3),
(274, 85, 227, '2006-09-29', 1),
(275, 128, 150, '2010-07-07', 31),
(276, 87, 175, '2004-03-10', 42),
(277, 326, 87, '2001-11-17', 17),
(278, 407, 39, '2003-05-19', 27),
(279, 347, 101, '2000-04-12', 42),
(280, 480, 27, '2007-03-28', 29),
(281, 62, 202, '2014-05-13', 1),
(282, 231, 109, '2008-10-26', 40),
(283, 377, 37, '2013-08-10', 36),
(284, 167, 123, '2009-10-22', 28),
(285, 48, 215, '2005-10-03', 2),
(286, 9, 224, '2011-09-14', 49),
(287, 54, 87, '2013-08-31', 29),
(288, 443, 10, '2000-11-07', 18),
(289, 423, 164, '2006-11-26', 37),
(290, 391, 217, '2013-07-04', 28),
(291, 123, 194, '2004-09-27', 40),
(292, 279, 253, '2003-10-15', 1),
(293, 337, 279, '2007-06-20', 1),
(294, 406, 238, '2005-05-23', 50),
(295, 476, 241, '2009-04-20', 24),
(296, 63, 260, '2000-02-23', 21),
(297, 89, 59, '2005-02-19', 48),
(298, 52, 170, '2009-04-20', 12),
(299, 363, 229, '2007-12-30', 1),
(300, 183, 37, '2003-08-14', 44),
(301, 288, 213, '2011-08-29', 21),
(302, 377, 245, '2012-01-12', 30),
(303, 195, 135, '2009-04-19', 6),
(304, 287, 49, '2007-11-09', 46),
(305, 61, 1, '2005-07-16', 5),
(306, 77, 156, '2007-02-21', 16),
(307, 252, 269, '2000-04-14', 19),
(308, 194, 120, '2010-06-07', 27),
(309, 236, 96, '2001-11-02', 32),
(310, 307, 51, '2003-08-29', 50),
(311, 46, 216, '2011-05-10', 3),
(312, 82, 200, '2000-11-14', 22),
(313, 84, 235, '2012-12-18', 21),
(314, 45, 138, '2004-01-12', 29),
(315, 66, 257, '2003-06-28', 45),
(316, 204, 279, '2006-04-10', 9),
(317, 21, 50, '2008-05-22', 9),
(318, 389, 18, '2010-08-24', 17),
(319, 331, 179, '2005-06-17', 30),
(320, 381, 171, '2008-12-31', 18),
(321, 189, 55, '2001-02-14', 15),
(322, 295, 8, '2011-09-29', 47),
(323, 305, 113, '2014-09-16', 8),
(324, 266, 253, '2013-04-23', 11),
(325, 219, 265, '2013-08-16', 36),
(326, 457, 231, '2011-03-19', 35),
(327, 169, 120, '2000-03-16', 15),
(328, 354, 70, '2006-02-04', 37),
(329, 87, 220, '2004-01-02', 11),
(330, 100, 23, '2005-04-30', 30),
(331, 137, 55, '2001-12-01', 25),
(332, 21, 205, '2005-12-27', 26),
(333, 16, 74, '2011-11-20', 24),
(334, 429, 51, '2004-11-08', 7),
(335, 391, 61, '2009-11-27', 38),
(336, 24, 239, '2007-04-07', 21),
(337, 159, 211, '2002-02-05', 45),
(338, 357, 163, '2005-03-16', 50),
(339, 380, 53, '2000-07-22', 39),
(340, 350, 91, '2005-01-26', 37),
(341, 429, 107, '2003-09-18', 18),
(342, 176, 39, '2007-05-06', 11),
(343, 310, 277, '2012-05-10', 6),
(344, 175, 66, '2005-11-04', 1),
(345, 98, 112, '2013-01-30', 39),
(346, 419, 248, '2004-11-03', 37),
(347, 172, 59, '2003-09-16', 4),
(348, 495, 42, '2007-04-06', 33),
(349, 488, 266, '2014-06-21', 19),
(350, 316, 56, '2001-10-05', 39),
(351, 85, 155, '2004-08-13', 22),
(352, 179, 123, '2004-11-23', 48),
(353, 143, 245, '2002-06-25', 21),
(354, 33, 44, '2008-07-29', 20),
(355, 298, 276, '2004-04-26', 3),
(356, 81, 173, '2009-07-13', 40),
(357, 368, 211, '2004-11-08', 42),
(358, 347, 169, '2004-07-23', 12),
(359, 33, 24, '2003-06-17', 8),
(360, 428, 272, '2014-10-25', 25),
(361, 53, 14, '2008-07-07', 40),
(362, 140, 121, '2008-11-18', 12),
(363, 235, 1, '2002-12-02', 4),
(364, 31, 148, '2010-04-19', 40),
(365, 283, 9, '2014-10-28', 41),
(366, 364, 136, '2001-08-10', 38),
(367, 226, 119, '2010-07-13', 37),
(368, 479, 168, '2013-10-27', 6),
(369, 64, 33, '2013-11-11', 41),
(370, 27, 101, '2010-05-05', 4),
(371, 434, 65, '2014-07-22', 31),
(372, 413, 134, '2004-05-22', 33),
(373, 457, 57, '2012-04-22', 37),
(374, 6, 60, '2005-11-12', 18),
(375, 356, 241, '2002-09-10', 3),
(376, 226, 63, '2013-04-25', 50),
(377, 21, 207, '2006-04-21', 24),
(378, 294, 147, '2011-06-27', 38),
(379, 132, 10, '2001-11-19', 21),
(380, 108, 60, '2007-11-14', 14),
(381, 207, 227, '2003-02-13', 32),
(382, 427, 205, '2006-03-03', 18),
(383, 217, 1, '2000-07-21', 1),
(384, 283, 109, '2008-10-29', 41),
(385, 31, 53, '2009-12-05', 24),
(386, 94, 186, '2001-06-04', 21),
(387, 374, 128, '2012-01-16', 41),
(388, 104, 160, '2001-06-19', 37),
(389, 139, 165, '2007-02-27', 8),
(390, 127, 179, '2007-12-13', 28),
(391, 165, 169, '2002-05-25', 26),
(392, 465, 34, '2003-10-17', 38),
(393, 344, 38, '2014-07-02', 32),
(394, 426, 206, '2010-10-29', 34),
(395, 69, 210, '2007-10-25', 30),
(396, 155, 173, '2010-01-30', 29),
(397, 299, 154, '2013-03-27', 7),
(398, 205, 241, '2007-12-29', 7),
(399, 368, 44, '2001-07-10', 8),
(400, 232, 185, '2004-12-12', 26),
(401, 177, 156, '2003-05-14', 33),
(402, 435, 116, '2000-11-07', 19),
(403, 23, 278, '2010-08-09', 47),
(404, 8, 195, '2006-03-05', 40),
(405, 157, 256, '2005-07-31', 44),
(406, 278, 57, '2011-04-23', 40),
(407, 31, 60, '2011-04-07', 17),
(408, 441, 18, '2013-11-02', 12),
(409, 267, 179, '2008-07-15', 1),
(410, 96, 212, '2003-12-07', 40),
(411, 366, 144, '2006-05-09', 20),
(412, 473, 38, '2001-11-04', 32),
(413, 32, 249, '2013-12-03', 3),
(414, 92, 251, '2012-01-24', 48),
(415, 141, 54, '2006-04-29', 37),
(416, 217, 264, '2010-02-13', 23),
(417, 127, 11, '2014-07-20', 11),
(418, 335, 126, '2014-04-25', 42),
(419, 293, 19, '2009-07-16', 38),
(420, 47, 252, '2008-12-24', 47),
(421, 484, 41, '2004-06-25', 22),
(422, 70, 69, '2006-12-21', 5),
(423, 228, 63, '2012-10-27', 43),
(424, 94, 78, '2010-12-18', 20),
(425, 405, 36, '2011-02-18', 10),
(426, 480, 222, '2000-07-30', 9),
(427, 315, 140, '2007-08-21', 6),
(428, 423, 167, '2013-06-19', 49),
(429, 413, 156, '2013-01-27', 10),
(430, 336, 32, '2005-02-06', 46),
(431, 266, 60, '2010-08-18', 15),
(432, 10, 135, '2006-03-01', 23),
(433, 297, 151, '2003-06-02', 31),
(434, 94, 251, '2003-10-10', 47),
(435, 348, 164, '2002-10-19', 15),
(436, 408, 131, '2003-07-27', 31),
(437, 42, 93, '2010-12-20', 24),
(438, 402, 73, '2002-05-13', 10),
(439, 452, 35, '2012-03-16', 21),
(440, 246, 94, '2012-09-30', 34),
(441, 74, 16, '2004-11-23', 50),
(442, 27, 131, '2012-05-22', 42),
(443, 251, 132, '2008-04-12', 6),
(444, 18, 2, '2014-06-04', 2),
(445, 167, 268, '2001-07-11', 12),
(446, 198, 15, '2005-12-24', 17),
(447, 424, 46, '2005-01-23', 9),
(448, 302, 134, '2008-06-04', 41),
(449, 186, 31, '2005-05-20', 6),
(450, 32, 42, '2005-06-19', 23),
(451, 236, 260, '2000-10-31', 3),
(452, 86, 144, '2012-07-11', 9),
(453, 137, 184, '2000-01-15', 17),
(454, 462, 103, '2003-12-13', 15),
(455, 190, 21, '2003-09-15', 50),
(456, 375, 261, '2005-10-03', 18),
(457, 491, 103, '2002-12-30', 8),
(458, 105, 159, '2005-11-25', 6),
(459, 293, 201, '2007-11-30', 42),
(460, 326, 207, '2013-04-05', 15),
(461, 100, 39, '2014-03-09', 2),
(462, 412, 223, '2005-08-18', 41),
(463, 488, 100, '2012-06-04', 7),
(464, 419, 55, '2014-01-07', 14),
(465, 294, 106, '2007-10-18', 10),
(466, 140, 100, '2008-05-14', 2),
(467, 498, 47, '2000-12-03', 1),
(468, 7, 61, '2004-05-21', 45),
(469, 191, 137, '2010-12-30', 25),
(470, 435, 275, '2003-12-23', 47),
(471, 259, 219, '2006-10-24', 3),
(472, 250, 5, '2010-09-09', 40),
(473, 309, 154, '2013-02-14', 45),
(474, 307, 181, '2001-05-14', 25),
(475, 45, 115, '2012-05-17', 22),
(476, 38, 9, '2005-08-16', 46),
(477, 470, 63, '2002-10-02', 12),
(478, 42, 14, '2004-09-01', 25),
(479, 94, 18, '2013-12-27', 4),
(480, 106, 88, '2003-05-06', 13),
(481, 326, 71, '2013-06-21', 12),
(482, 116, 8, '2002-10-28', 20),
(483, 9, 185, '2008-09-10', 19),
(484, 170, 127, '2002-12-30', 20),
(485, 316, 242, '2002-02-18', 16),
(486, 240, 85, '2003-08-31', 6),
(487, 498, 216, '2007-09-17', 20),
(488, 289, 174, '2012-12-04', 14),
(489, 183, 6, '2011-07-19', 15),
(490, 392, 97, '2012-05-29', 16),
(491, 260, 240, '2002-01-11', 14),
(492, 265, 245, '2001-10-05', 35),
(493, 44, 240, '2000-06-08', 23),
(494, 451, 122, '2005-11-12', 48),
(495, 455, 164, '2011-03-20', 10),
(496, 17, 171, '2013-08-06', 1),
(497, 323, 16, '2009-11-14', 41),
(498, 444, 45, '2012-02-21', 24),
(499, 25, 274, '2013-12-30', 50),
(500, 160, 167, '2009-02-03', 35),
(501, 175, 256, '2006-04-04', 38),
(502, 10, 134, '2005-03-21', 1),
(503, 76, 154, '2007-07-29', 11),
(504, 2, 140, '2006-03-08', 37),
(505, 269, 65, '2010-02-11', 20),
(506, 100, 277, '2006-04-03', 45),
(507, 246, 210, '2003-07-07', 46),
(508, 114, 64, '2012-06-21', 47),
(509, 38, 188, '2003-11-08', 23),
(510, 85, 150, '2004-10-15', 27),
(511, 23, 279, '2004-06-22', 12),
(512, 233, 85, '2004-09-25', 5),
(513, 453, 63, '2001-02-17', 27),
(514, 81, 48, '2008-03-13', 29),
(515, 484, 89, '2008-08-02', 46),
(516, 194, 111, '2009-10-14', 26),
(517, 341, 159, '2011-05-06', 38),
(518, 123, 131, '2011-06-10', 1),
(519, 161, 257, '2011-11-16', 39),
(520, 108, 180, '2006-11-27', 10),
(521, 57, 10, '2010-01-06', 39),
(522, 149, 146, '2013-06-25', 5),
(523, 112, 93, '2003-06-16', 11),
(524, 42, 226, '2010-08-04', 42),
(525, 322, 52, '2001-03-12', 41),
(526, 350, 202, '2010-05-28', 45),
(527, 49, 127, '2005-06-26', 49),
(528, 281, 216, '2014-07-04', 43),
(529, 320, 134, '2006-09-15', 26),
(530, 240, 202, '2002-03-20', 19),
(531, 18, 139, '2007-04-22', 48),
(532, 115, 83, '2014-07-24', 26),
(533, 292, 43, '2012-10-19', 20),
(534, 477, 151, '2009-06-10', 32),
(535, 165, 275, '2002-11-14', 10),
(536, 41, 157, '2006-12-04', 46),
(537, 43, 47, '2014-07-02', 35),
(538, 158, 55, '2007-09-05', 39),
(539, 121, 213, '2005-08-06', 42),
(540, 382, 64, '2006-07-31', 2),
(541, 265, 93, '2006-05-15', 18),
(542, 79, 30, '2007-07-22', 45),
(543, 236, 125, '2003-09-24', 16),
(544, 316, 185, '2005-08-25', 32),
(545, 88, 15, '2014-07-23', 36),
(546, 465, 175, '2013-08-23', 43),
(547, 240, 227, '2014-01-17', 44),
(548, 142, 165, '2001-06-25', 27),
(549, 482, 237, '2007-08-03', 35),
(550, 170, 77, '2007-07-12', 35),
(551, 139, 230, '2003-12-04', 6),
(552, 396, 92, '2003-07-18', 48),
(553, 56, 170, '2004-11-22', 50),
(554, 475, 243, '2009-11-01', 28),
(555, 242, 129, '2001-10-12', 33),
(556, 190, 64, '2012-09-06', 4),
(557, 376, 124, '2001-06-08', 17),
(558, 244, 235, '2009-01-15', 29),
(559, 433, 59, '2008-12-31', 7),
(560, 383, 221, '2011-04-02', 47),
(561, 202, 255, '2000-05-05', 1),
(562, 482, 276, '2014-07-03', 30),
(563, 282, 127, '2010-09-20', 45),
(564, 108, 117, '2006-09-25', 39),
(565, 155, 90, '2003-07-16', 3),
(566, 77, 13, '2002-04-29', 1),
(567, 140, 254, '2010-01-30', 5),
(568, 281, 148, '2012-07-26', 11),
(569, 98, 145, '2008-04-19', 29),
(570, 250, 269, '2013-07-23', 32),
(571, 488, 16, '2003-06-24', 48),
(572, 412, 212, '2001-09-12', 43),
(573, 244, 280, '2004-11-06', 38),
(574, 348, 126, '2011-12-02', 3),
(575, 311, 163, '2001-09-17', 37),
(576, 154, 37, '2003-06-30', 12),
(577, 93, 180, '2010-08-23', 38),
(578, 393, 31, '2009-09-04', 11),
(579, 374, 221, '2011-06-25', 28),
(580, 224, 151, '2011-01-24', 14),
(581, 35, 128, '2004-08-29', 10),
(582, 468, 241, '2004-06-01', 45),
(583, 185, 99, '2000-12-13', 12),
(584, 80, 32, '2009-05-09', 34),
(585, 133, 263, '2009-08-24', 36),
(586, 163, 212, '2011-08-24', 14),
(587, 78, 176, '2000-11-06', 32),
(588, 109, 152, '2003-02-10', 38),
(589, 354, 125, '2009-05-25', 20),
(590, 386, 66, '2000-02-23', 31),
(591, 206, 241, '2007-11-06', 20),
(592, 238, 245, '2005-04-30', 3),
(593, 220, 206, '2010-03-01', 2),
(594, 373, 263, '2011-03-08', 24),
(595, 101, 260, '2001-11-30', 4),
(596, 260, 30, '2008-10-02', 5),
(597, 252, 82, '2013-02-03', 22),
(598, 366, 127, '2002-05-09', 31),
(599, 372, 247, '2000-11-18', 31),
(600, 131, 78, '2011-12-21', 49),
(601, 96, 3, '2007-05-21', 11),
(602, 408, 33, '2005-10-31', 26),
(603, 272, 98, '2010-10-27', 45),
(604, 413, 131, '2006-08-20', 7),
(605, 310, 269, '2008-07-19', 1),
(606, 462, 252, '2002-03-12', 33),
(607, 122, 263, '2014-05-15', 5),
(608, 247, 224, '2011-12-27', 2),
(609, 275, 56, '2010-06-09', 21),
(610, 196, 71, '2003-07-26', 3),
(611, 494, 6, '2007-03-23', 5),
(612, 161, 217, '2005-02-07', 5),
(613, 344, 266, '2002-10-22', 11),
(614, 75, 106, '2012-12-11', 38),
(615, 16, 238, '2003-04-30', 18),
(616, 76, 108, '2014-07-23', 25),
(617, 194, 19, '2014-04-03', 19),
(618, 195, 155, '2000-12-21', 9),
(619, 157, 32, '2010-05-16', 18),
(620, 76, 260, '2012-02-04', 2),
(621, 61, 91, '2007-12-02', 34),
(622, 397, 146, '2012-10-26', 12),
(623, 38, 139, '2011-10-15', 43),
(624, 128, 273, '2004-08-13', 33),
(625, 208, 143, '2002-10-14', 32),
(626, 386, 236, '2012-06-07', 29),
(627, 198, 162, '2003-06-11', 21),
(628, 317, 280, '2009-09-29', 36),
(629, 74, 258, '2010-07-06', 16),
(630, 181, 107, '2009-08-12', 17),
(631, 76, 78, '2004-06-05', 30),
(632, 298, 119, '2010-11-14', 26),
(633, 329, 48, '2005-08-06', 24),
(634, 165, 248, '2003-06-26', 19),
(635, 77, 53, '2008-12-02', 26),
(636, 6, 253, '2009-08-18', 25),
(637, 149, 248, '2011-09-15', 31),
(638, 337, 22, '2004-10-08', 44),
(639, 416, 72, '2010-10-25', 21),
(640, 421, 54, '2003-12-03', 37),
(641, 266, 118, '2006-09-05', 21),
(642, 457, 3, '2010-07-22', 29),
(643, 413, 85, '2011-07-07', 47),
(644, 10, 152, '2013-10-17', 35),
(645, 8, 5, '2003-11-26', 38),
(646, 142, 174, '2008-08-22', 7),
(647, 20, 59, '2004-07-09', 22),
(648, 319, 157, '2008-07-06', 40),
(649, 144, 10, '2005-09-04', 3),
(650, 77, 149, '2014-10-17', 32),
(651, 477, 112, '2008-06-08', 29),
(652, 428, 171, '2010-06-13', 11),
(653, 357, 104, '2005-07-11', 37),
(654, 86, 125, '2006-05-22', 8),
(655, 171, 129, '2002-11-28', 50),
(656, 251, 181, '2005-04-05', 2),
(657, 485, 272, '2007-09-30', 25),
(658, 433, 249, '2013-06-17', 20),
(659, 202, 212, '2007-12-13', 42),
(660, 203, 19, '2004-03-16', 48),
(661, 257, 42, '2002-01-14', 4),
(662, 273, 227, '2001-08-25', 12),
(663, 184, 5, '2013-09-18', 41),
(664, 213, 196, '2005-01-29', 41),
(665, 202, 209, '2002-10-19', 41),
(666, 270, 148, '2012-10-22', 19),
(667, 47, 69, '2007-03-18', 9),
(668, 211, 45, '2008-07-26', 21),
(669, 469, 172, '2012-09-06', 48),
(670, 444, 103, '2005-02-01', 20),
(671, 16, 260, '2011-12-25', 7),
(672, 76, 55, '2007-09-09', 42),
(673, 133, 255, '2013-12-08', 19),
(674, 381, 161, '2012-10-23', 12),
(675, 495, 222, '2001-07-10', 15),
(676, 234, 69, '2008-11-07', 28),
(677, 490, 227, '2011-06-18', 48),
(678, 450, 271, '2004-11-08', 26),
(679, 293, 252, '2006-11-18', 45),
(680, 397, 252, '2002-08-22', 41),
(681, 333, 196, '2014-03-07', 1),
(682, 192, 189, '2001-11-20', 47),
(683, 307, 6, '2007-10-17', 26),
(684, 442, 42, '2004-11-10', 40),
(685, 455, 11, '2007-05-13', 19),
(686, 374, 191, '2005-06-17', 37),
(687, 392, 132, '2007-03-06', 22),
(688, 225, 228, '2014-08-13', 6),
(689, 442, 273, '2003-09-27', 18),
(690, 400, 30, '2012-05-14', 30),
(691, 354, 244, '2002-09-05', 20),
(692, 260, 48, '2012-06-01', 33),
(693, 336, 204, '2007-12-19', 4),
(694, 147, 79, '2011-05-09', 48),
(695, 310, 170, '2010-10-22', 46),
(696, 311, 243, '2012-08-27', 36),
(697, 389, 230, '2008-06-22', 43),
(698, 272, 94, '2002-04-16', 20),
(699, 25, 79, '2003-10-13', 33),
(700, 281, 29, '2000-11-26', 20),
(701, 315, 100, '2001-04-30', 49),
(702, 16, 143, '2003-05-09', 4),
(703, 498, 230, '2006-03-10', 33),
(704, 162, 47, '2009-07-27', 12),
(705, 421, 23, '2010-07-10', 46),
(706, 238, 28, '2014-10-24', 16),
(707, 84, 66, '2010-09-07', 29),
(708, 339, 121, '2012-07-09', 25),
(709, 259, 48, '2013-10-09', 49),
(710, 370, 159, '2013-03-18', 44),
(711, 167, 232, '2013-04-25', 44),
(712, 12, 244, '2011-01-16', 32),
(713, 334, 232, '2001-10-07', 29),
(714, 320, 154, '2013-05-13', 7),
(715, 429, 135, '2008-11-26', 47),
(716, 128, 104, '2009-09-12', 17),
(717, 424, 31, '2001-10-04', 15),
(718, 198, 118, '2012-11-07', 18),
(719, 274, 110, '2012-10-25', 13),
(720, 183, 131, '2003-06-17', 26),
(721, 37, 151, '2013-12-26', 7),
(722, 414, 83, '2008-11-20', 7),
(723, 462, 3, '2011-07-27', 35),
(724, 49, 217, '2013-11-27', 11),
(725, 302, 187, '2007-08-15', 10),
(726, 465, 25, '2013-08-31', 28),
(727, 479, 127, '2014-09-24', 40),
(728, 92, 26, '2013-06-07', 27),
(729, 144, 104, '2014-12-07', 43),
(730, 409, 124, '2008-04-20', 28),
(731, 37, 168, '2013-03-07', 35),
(732, 5, 135, '2003-08-13', 43),
(733, 381, 275, '2008-12-29', 19),
(734, 325, 18, '2011-10-27', 29),
(735, 220, 121, '2003-09-06', 38),
(736, 482, 74, '2006-12-17', 14),
(737, 331, 117, '2002-08-16', 45),
(738, 364, 173, '2009-12-13', 9),
(739, 55, 279, '2006-09-11', 15),
(740, 203, 66, '2006-04-16', 20),
(741, 345, 143, '2004-02-09', 12),
(742, 74, 207, '2003-07-15', 1),
(743, 98, 90, '2008-05-06', 39),
(744, 130, 64, '2010-11-03', 47),
(745, 13, 19, '2014-11-04', 15),
(746, 485, 10, '2001-05-28', 14),
(747, 246, 174, '2003-09-14', 48),
(748, 226, 246, '2009-02-04', 34),
(749, 105, 15, '2011-04-02', 41),
(750, 462, 90, '2001-01-26', 45),
(751, 317, 55, '2010-06-10', 22),
(752, 338, 41, '2003-01-27', 10),
(753, 343, 100, '2007-05-02', 45),
(754, 137, 157, '2007-09-11', 31),
(755, 310, 103, '2008-02-23', 3),
(756, 396, 259, '2005-03-23', 21),
(757, 329, 21, '2012-10-26', 41),
(758, 259, 209, '2011-11-17', 10),
(759, 299, 41, '2008-10-31', 4),
(760, 246, 11, '2010-12-11', 34),
(761, 359, 160, '2000-05-16', 42),
(762, 386, 280, '2002-07-22', 20),
(763, 12, 200, '2003-02-13', 22),
(764, 288, 20, '2002-03-29', 38),
(765, 274, 137, '2013-11-25', 13),
(766, 210, 190, '2004-10-11', 10),
(767, 376, 2, '2001-12-12', 37),
(768, 118, 53, '2010-06-05', 5),
(769, 10, 258, '2011-11-17', 44),
(770, 493, 6, '2005-03-31', 48),
(771, 324, 175, '2004-09-20', 49),
(772, 491, 141, '2005-01-15', 27),
(773, 296, 50, '2014-01-26', 9),
(774, 26, 264, '2002-09-03', 1),
(775, 434, 67, '2012-11-03', 21),
(776, 480, 201, '2000-04-19', 25),
(777, 480, 8, '2003-09-10', 4),
(778, 441, 136, '2007-05-04', 14),
(779, 163, 148, '2001-12-06', 41),
(780, 48, 204, '2010-05-05', 22),
(781, 199, 179, '2003-01-06', 11),
(782, 122, 165, '2006-08-19', 24),
(783, 195, 213, '2008-11-26', 39),
(784, 101, 269, '2001-03-05', 32),
(785, 100, 176, '2011-07-29', 2),
(786, 5, 270, '2012-11-21', 2),
(787, 123, 125, '2003-06-24', 12),
(788, 359, 230, '2013-09-14', 34),
(789, 274, 150, '2001-06-30', 7),
(790, 43, 114, '2001-05-03', 22),
(791, 399, 243, '2003-09-30', 35),
(792, 2, 79, '2008-07-11', 42),
(793, 403, 196, '2006-02-27', 49),
(794, 287, 268, '2007-10-07', 11),
(795, 35, 55, '2007-09-11', 43),
(796, 450, 251, '2007-11-08', 44),
(797, 350, 49, '2009-04-20', 49),
(798, 227, 77, '2010-09-21', 32),
(799, 293, 229, '2003-12-03', 3),
(800, 248, 253, '2011-02-28', 7),
(801, 100, 212, '2004-05-09', 29),
(802, 158, 127, '2013-02-21', 31),
(803, 109, 36, '2014-08-14', 5),
(804, 114, 105, '2009-05-18', 10),
(805, 223, 40, '2014-04-28', 38),
(806, 164, 51, '2009-05-13', 37),
(807, 444, 14, '2002-07-01', 40),
(808, 316, 129, '2000-02-27', 28),
(809, 357, 104, '2000-07-11', 36),
(810, 422, 265, '2012-05-28', 19),
(811, 188, 14, '2005-08-23', 26),
(812, 63, 220, '2006-08-21', 8),
(813, 227, 58, '2006-10-28', 21),
(814, 345, 63, '2014-09-04', 6),
(815, 207, 145, '2014-01-01', 35),
(816, 45, 46, '2014-12-06', 19),
(817, 236, 143, '2002-07-21', 10),
(818, 372, 43, '2012-01-13', 22),
(819, 381, 47, '2000-06-10', 16),
(820, 294, 265, '2010-06-11', 22),
(821, 415, 77, '2012-11-03', 6),
(822, 56, 168, '2004-03-11', 44),
(823, 13, 47, '2005-07-10', 43),
(824, 137, 230, '2014-07-11', 16),
(825, 108, 211, '2009-05-28', 4),
(826, 315, 67, '2009-07-17', 18),
(827, 10, 272, '2005-06-06', 5),
(828, 335, 143, '2001-02-08', 28),
(829, 319, 53, '2009-08-05', 37),
(830, 228, 102, '2005-03-16', 14),
(831, 54, 99, '2005-08-14', 25),
(832, 189, 221, '2006-10-28', 47),
(833, 386, 207, '2008-02-23', 37),
(834, 133, 180, '2013-05-31', 3),
(835, 102, 103, '2003-07-20', 25),
(836, 381, 203, '2009-12-07', 37),
(837, 53, 159, '2012-02-23', 10),
(838, 398, 198, '2009-12-04', 13),
(839, 475, 255, '2000-11-06', 46),
(840, 2, 14, '2003-04-08', 50),
(841, 410, 40, '2004-12-04', 5),
(842, 289, 197, '2000-08-29', 39),
(843, 94, 221, '2008-07-28', 23),
(844, 163, 226, '2014-01-17', 46),
(845, 453, 185, '2003-04-24', 13),
(846, 325, 28, '2003-11-20', 45),
(847, 15, 23, '2011-02-12', 9),
(848, 94, 252, '2009-12-16', 23),
(849, 425, 193, '2010-12-31', 31),
(850, 171, 150, '2002-11-07', 29),
(851, 387, 20, '2003-06-02', 13),
(852, 121, 94, '2013-03-03', 40),
(853, 483, 50, '2011-08-16', 19),
(854, 101, 176, '2004-08-25', 29),
(855, 217, 211, '2009-02-01', 40),
(856, 434, 122, '2003-11-21', 3),
(857, 347, 171, '2011-04-24', 36),
(858, 285, 249, '2001-09-21', 6),
(859, 116, 113, '2005-11-21', 29),
(860, 122, 46, '2006-08-12', 26),
(861, 170, 41, '2000-08-29', 46),
(862, 381, 134, '2002-05-23', 43),
(863, 214, 86, '2000-01-11', 17),
(864, 113, 60, '2001-11-16', 3),
(865, 123, 251, '2014-06-06', 42),
(866, 40, 71, '2014-10-07', 17),
(867, 347, 82, '2013-12-05', 4),
(868, 28, 108, '2010-10-15', 2),
(869, 277, 27, '2002-05-29', 1),
(870, 137, 37, '2014-06-06', 29),
(871, 313, 182, '2000-09-30', 18),
(872, 243, 55, '2001-12-17', 1),
(873, 79, 125, '2003-04-15', 22),
(874, 386, 77, '2002-09-17', 20),
(875, 272, 141, '2005-08-26', 18),
(876, 45, 102, '2000-01-29', 41),
(877, 360, 190, '2009-10-30', 44),
(878, 248, 267, '2012-02-21', 44),
(879, 318, 210, '2003-08-31', 32),
(880, 446, 97, '2008-09-22', 35),
(881, 474, 163, '2007-05-29', 19),
(882, 113, 127, '2004-12-10', 49),
(883, 425, 233, '2001-01-20', 44),
(884, 6, 219, '2013-10-13', 36),
(885, 95, 173, '2007-07-11', 22),
(886, 204, 178, '2009-08-31', 2),
(887, 62, 32, '2012-10-15', 49),
(888, 295, 125, '2009-08-13', 5),
(889, 139, 4, '2003-04-06', 42),
(890, 104, 166, '2003-05-10', 21),
(891, 341, 90, '2004-02-06', 4),
(892, 160, 140, '2009-10-30', 20),
(893, 358, 205, '2010-12-26', 49),
(894, 26, 123, '2014-06-27', 18),
(895, 423, 124, '2013-02-02', 4),
(896, 297, 152, '2011-07-26', 37),
(897, 162, 220, '2011-11-18', 36),
(898, 2, 201, '2004-03-14', 49),
(899, 68, 64, '2000-01-29', 15),
(900, 354, 162, '2007-01-24', 9),
(901, 443, 226, '2005-02-14', 3),
(902, 399, 183, '2004-07-12', 25),
(903, 208, 101, '2009-11-15', 38),
(904, 18, 13, '2005-11-24', 45),
(905, 171, 34, '2001-03-24', 22),
(906, 185, 220, '2014-07-25', 41),
(907, 264, 273, '2006-03-27', 27),
(908, 154, 23, '2005-06-26', 41),
(909, 167, 135, '2007-04-13', 38),
(910, 429, 64, '2002-11-08', 50),
(911, 240, 84, '2012-09-22', 22),
(912, 417, 153, '2000-02-05', 44),
(913, 124, 32, '2001-07-05', 35),
(914, 109, 125, '2001-09-08', 32),
(915, 381, 18, '2007-05-07', 49),
(916, 100, 269, '2000-03-07', 47),
(917, 433, 266, '2011-01-03', 14),
(918, 409, 249, '2007-11-19', 49),
(919, 271, 258, '2003-11-03', 30),
(920, 84, 272, '2012-11-28', 42),
(921, 148, 4, '2010-05-24', 31),
(922, 365, 31, '2000-04-21', 47),
(923, 96, 216, '2010-12-20', 24),
(924, 397, 145, '2003-03-05', 13),
(925, 464, 198, '2013-05-04', 22),
(926, 159, 209, '2003-09-23', 44),
(927, 66, 237, '2005-07-12', 28),
(928, 90, 86, '2007-11-26', 46),
(929, 284, 264, '2000-08-10', 20),
(930, 402, 161, '2005-08-07', 3),
(931, 203, 157, '2006-06-01', 15),
(932, 390, 10, '2013-04-21', 40),
(933, 135, 202, '2011-04-10', 5),
(934, 197, 274, '2006-08-01', 48),
(935, 328, 175, '2007-11-24', 44),
(936, 69, 272, '2012-05-18', 10),
(937, 289, 240, '2004-02-10', 15),
(938, 381, 93, '2008-01-31', 45),
(939, 176, 87, '2004-11-14', 23),
(940, 15, 143, '2008-06-25', 21),
(941, 217, 12, '2009-01-20', 22),
(942, 359, 42, '2008-11-19', 12),
(943, 64, 256, '2004-10-16', 9),
(944, 157, 186, '2003-12-24', 19),
(945, 22, 148, '2009-09-25', 31),
(946, 248, 58, '2004-12-24', 40),
(947, 233, 260, '2003-04-24', 31),
(948, 211, 145, '2006-04-29', 29),
(949, 291, 233, '2001-04-08', 47),
(950, 493, 66, '2007-06-27', 24),
(951, 124, 162, '2003-04-03', 50),
(952, 7, 213, '2009-08-19', 14),
(953, 118, 97, '2009-08-09', 41),
(954, 341, 147, '2001-12-08', 6),
(955, 388, 135, '2004-05-26', 10),
(956, 56, 86, '2008-12-20', 35),
(957, 70, 96, '2010-06-09', 28),
(958, 378, 13, '2010-07-25', 32),
(959, 257, 253, '2004-04-20', 13),
(960, 204, 225, '2010-04-07', 25),
(961, 293, 52, '2006-02-19', 39),
(962, 60, 249, '2007-07-28', 44),
(963, 455, 262, '2009-07-24', 37),
(964, 48, 262, '2002-10-24', 48),
(965, 192, 198, '2012-11-13', 11),
(966, 284, 80, '2005-09-23', 16),
(967, 43, 249, '2000-05-25', 35),
(968, 219, 259, '2005-09-05', 23),
(969, 194, 126, '2001-04-23', 6),
(970, 488, 266, '2003-10-15', 19),
(971, 81, 172, '2005-07-18', 38),
(972, 264, 46, '2006-12-01', 37),
(973, 26, 79, '2004-08-25', 18),
(974, 207, 3, '2014-10-07', 16),
(975, 225, 3, '2010-05-05', 44),
(976, 160, 105, '2008-06-08', 6),
(977, 56, 139, '2000-04-17', 50),
(978, 446, 196, '2001-04-28', 39),
(979, 152, 98, '2008-04-02', 3),
(980, 174, 77, '2002-12-03', 47),
(981, 170, 105, '2004-12-18', 23),
(982, 60, 15, '2012-02-12', 45),
(983, 298, 213, '2003-06-21', 23),
(984, 83, 274, '2014-12-13', 22),
(985, 173, 204, '2012-04-07', 46),
(986, 93, 109, '2011-11-10', 47),
(987, 151, 87, '2012-06-10', 46),
(988, 316, 13, '2008-10-04', 37),
(989, 271, 255, '2012-06-15', 35),
(990, 475, 108, '2010-01-23', 35),
(991, 386, 214, '2007-08-14', 39),
(992, 365, 173, '2002-05-30', 22),
(993, 429, 265, '2014-04-23', 41),
(994, 272, 15, '2003-11-17', 29),
(995, 451, 30, '2003-09-24', 11),
(996, 259, 225, '2009-12-06', 30),
(997, 224, 63, '2008-05-29', 17),
(998, 326, 276, '2005-11-14', 17),
(999, 209, 17, '2012-02-24', 17),
(1000, 453, 104, '2009-10-13', 7),
(1001, 103, 115, '2000-10-07', 16),
(1002, 492, 225, '2013-10-23', 36),
(1003, 7, 27, '2007-05-23', 17),
(1004, 195, 190, '2013-04-21', 13),
(1005, 44, 65, '2009-01-05', 32),
(1006, 227, 250, '2009-09-13', 7),
(1007, 377, 109, '2011-12-21', 16),
(1008, 466, 175, '2011-08-11', 15),
(1009, 499, 28, '2004-06-16', 36),
(1010, 115, 271, '2005-11-10', 32),
(1011, 183, 257, '2004-01-30', 18),
(1012, 422, 15, '2008-11-12', 27),
(1013, 268, 242, '2006-03-19', 6),
(1014, 450, 96, '2008-03-29', 32),
(1015, 396, 60, '2012-03-17', 39),
(1016, 109, 2, '2010-03-07', 37),
(1017, 339, 221, '2009-10-10', 23),
(1018, 79, 184, '2008-11-14', 40),
(1019, 157, 193, '2008-03-02', 35),
(1020, 328, 163, '2006-04-17', 30),
(1021, 360, 250, '2011-04-02', 34),
(1022, 261, 109, '2005-08-11', 14),
(1023, 287, 137, '2004-04-15', 3),
(1024, 291, 184, '2010-11-28', 48),
(1025, 393, 147, '2001-01-01', 35),
(1026, 8, 251, '2001-12-30', 22),
(1027, 398, 76, '2004-01-26', 1),
(1028, 66, 101, '2008-07-22', 39),
(1029, 92, 279, '2013-04-16', 29),
(1030, 314, 172, '2009-12-25', 38),
(1031, 420, 42, '2011-05-15', 15),
(1032, 167, 178, '2000-07-02', 42),
(1033, 325, 217, '2010-12-29', 22),
(1034, 97, 176, '2009-03-16', 47),
(1035, 188, 113, '2005-12-11', 27),
(1036, 332, 27, '2000-05-28', 45),
(1037, 183, 214, '2010-11-20', 35),
(1038, 51, 8, '2013-07-10', 28),
(1039, 259, 170, '2007-12-11', 15),
(1040, 318, 225, '2011-04-11', 42),
(1041, 123, 238, '2005-08-09', 25),
(1042, 79, 37, '2005-03-24', 19),
(1043, 174, 203, '2014-01-15', 19),
(1044, 402, 79, '2007-10-08', 47),
(1045, 179, 163, '2006-10-21', 48),
(1046, 151, 209, '2009-05-07', 16),
(1047, 454, 133, '2003-12-18', 41),
(1048, 152, 147, '2012-06-03', 10),
(1049, 154, 8, '2006-09-11', 19),
(1050, 126, 56, '2013-02-14', 12),
(1051, 361, 259, '2013-10-29', 16),
(1052, 103, 95, '2011-07-30', 47),
(1053, 242, 103, '2003-12-20', 22),
(1054, 64, 45, '2003-04-26', 50),
(1055, 226, 120, '2006-09-13', 41),
(1056, 286, 126, '2013-10-02', 4),
(1057, 489, 228, '2000-08-01', 18),
(1058, 53, 161, '2007-07-05', 47),
(1059, 439, 252, '2006-06-05', 32),
(1060, 124, 101, '2010-09-02', 49),
(1061, 444, 70, '2004-11-28', 46),
(1062, 276, 187, '2001-10-29', 22),
(1063, 255, 246, '2000-11-22', 5),
(1064, 324, 255, '2005-10-17', 11),
(1065, 49, 170, '2008-10-10', 24),
(1066, 174, 228, '2012-02-14', 34),
(1067, 180, 87, '2003-01-21', 41),
(1068, 487, 57, '2011-05-31', 46),
(1069, 130, 229, '2011-02-25', 7),
(1070, 398, 5, '2002-12-06', 3),
(1071, 462, 175, '2013-07-06', 45),
(1072, 492, 178, '2013-09-16', 31),
(1073, 182, 95, '2008-10-26', 22),
(1074, 195, 95, '2005-03-09', 9),
(1075, 475, 63, '2005-06-23', 6),
(1076, 164, 174, '2007-08-07', 27),
(1077, 440, 165, '2012-07-10', 5),
(1078, 138, 272, '2001-10-26', 14),
(1079, 377, 6, '2007-11-06', 22),
(1080, 463, 192, '2013-10-01', 36),
(1081, 31, 93, '2004-01-01', 31),
(1082, 495, 74, '2007-05-24', 39),
(1083, 395, 146, '2003-03-23', 1),
(1084, 253, 51, '2012-07-03', 45),
(1085, 245, 11, '2008-11-25', 35),
(1086, 94, 31, '2007-05-19', 1),
(1087, 177, 245, '2010-01-26', 3),
(1088, 432, 39, '2013-05-21', 8),
(1089, 145, 218, '2009-12-13', 14),
(1090, 95, 93, '2007-08-11', 35),
(1091, 267, 17, '2012-02-14', 38),
(1092, 227, 65, '2010-11-06', 24),
(1093, 177, 205, '2000-02-29', 48),
(1094, 337, 141, '2013-01-24', 31),
(1095, 215, 241, '2013-02-27', 30),
(1096, 22, 210, '2004-01-23', 45),
(1097, 303, 260, '2004-12-01', 46),
(1098, 234, 93, '2009-04-09', 35),
(1099, 336, 98, '2011-07-18', 38),
(1100, 318, 132, '2013-06-23', 1),
(1101, 493, 249, '2001-07-09', 50),
(1102, 240, 114, '2013-07-24', 16),
(1103, 359, 229, '2012-08-03', 43),
(1104, 374, 206, '2011-09-27', 49),
(1105, 373, 199, '2001-08-10', 9),
(1106, 87, 166, '2003-08-03', 27),
(1107, 230, 234, '2000-03-19', 50),
(1108, 417, 149, '2003-06-08', 38),
(1109, 364, 263, '2013-06-19', 2),
(1110, 224, 80, '2004-05-21', 27),
(1111, 366, 68, '2004-09-13', 15),
(1112, 104, 1, '2004-11-19', 17),
(1113, 470, 131, '2007-06-02', 20),
(1114, 177, 108, '2013-09-17', 6),
(1115, 471, 61, '2005-11-10', 32),
(1116, 287, 187, '2007-09-02', 28),
(1117, 250, 19, '2005-06-16', 11),
(1118, 114, 205, '2003-03-22', 18),
(1119, 132, 72, '2005-03-27', 29),
(1120, 439, 45, '2014-06-05', 28),
(1121, 311, 169, '2009-11-27', 38),
(1122, 144, 257, '2000-07-03', 18),
(1123, 29, 165, '2006-04-13', 8),
(1124, 71, 78, '2000-05-24', 35),
(1125, 438, 189, '2010-09-24', 48),
(1126, 74, 226, '2008-10-16', 12),
(1127, 331, 150, '2008-03-01', 42),
(1128, 265, 253, '2000-07-29', 18),
(1129, 31, 43, '2010-02-14', 23),
(1130, 432, 36, '2010-04-07', 19),
(1131, 364, 239, '2008-09-25', 34),
(1132, 171, 50, '2002-07-01', 14),
(1133, 73, 47, '2003-04-11', 17),
(1134, 31, 265, '2003-01-01', 30),
(1135, 189, 174, '2004-07-16', 12),
(1136, 334, 63, '2010-06-20', 38),
(1137, 471, 177, '2008-10-12', 3),
(1138, 294, 33, '2010-08-11', 34),
(1139, 61, 107, '2001-11-05', 10),
(1140, 350, 65, '2014-10-04', 15),
(1141, 269, 37, '2001-05-05', 37),
(1142, 302, 68, '2011-06-20', 38),
(1143, 286, 170, '2007-05-16', 4),
(1144, 262, 114, '2004-06-24', 11),
(1145, 192, 163, '2000-03-12', 17),
(1146, 158, 148, '2009-11-03', 19),
(1147, 121, 249, '2013-10-18', 28),
(1148, 256, 178, '2005-12-26', 18),
(1149, 75, 84, '2008-08-05', 35),
(1150, 73, 145, '2014-10-05', 8),
(1151, 412, 184, '2013-04-16', 15),
(1152, 477, 217, '2003-11-06', 42),
(1153, 385, 32, '2008-03-09', 14),
(1154, 70, 54, '2011-01-11', 36),
(1155, 169, 43, '2007-07-16', 50),
(1156, 325, 198, '2004-10-27', 5),
(1157, 117, 213, '2012-09-24', 50),
(1158, 199, 98, '2014-02-28', 34),
(1159, 45, 183, '2002-05-17', 1),
(1160, 313, 158, '2008-06-09', 16),
(1161, 469, 274, '2009-12-25', 26),
(1162, 106, 200, '2004-01-30', 17),
(1163, 142, 75, '2004-10-17', 29),
(1164, 337, 133, '2013-09-05', 35),
(1165, 76, 7, '2008-11-28', 32),
(1166, 479, 258, '2009-03-06', 22),
(1167, 41, 90, '2008-06-22', 8),
(1168, 169, 89, '2000-07-03', 44),
(1169, 235, 201, '2008-03-06', 30),
(1170, 77, 65, '2005-07-12', 25),
(1171, 481, 108, '2008-09-24', 6),
(1172, 357, 191, '2005-11-08', 33),
(1173, 200, 99, '2013-08-30', 37),
(1174, 236, 196, '2000-09-02', 27),
(1175, 177, 114, '2001-06-08', 3),
(1176, 165, 160, '2003-05-19', 10),
(1177, 270, 268, '2009-11-22', 1),
(1178, 140, 214, '2006-03-05', 28),
(1179, 142, 237, '2008-09-19', 45),
(1180, 378, 191, '2001-06-01', 24),
(1181, 332, 201, '2014-06-09', 12),
(1182, 435, 37, '2000-12-25', 3),
(1183, 17, 39, '2009-06-04', 35),
(1184, 87, 79, '2011-03-26', 11),
(1185, 138, 193, '2013-11-13', 2),
(1186, 328, 39, '2006-12-19', 23),
(1187, 383, 4, '2004-01-11', 32),
(1188, 173, 3, '2000-11-14', 19),
(1189, 379, 34, '2014-02-09', 35),
(1190, 442, 39, '2014-04-19', 26),
(1191, 287, 230, '2004-04-30', 29),
(1192, 113, 65, '2014-01-27', 31),
(1193, 105, 94, '2000-10-06', 23),
(1194, 314, 219, '2002-04-18', 10),
(1195, 20, 165, '2009-12-17', 24),
(1196, 486, 30, '2011-05-04', 35),
(1197, 483, 88, '2005-09-16', 9),
(1198, 241, 276, '2001-06-12', 27),
(1199, 33, 130, '2003-11-02', 11),
(1200, 332, 88, '2009-03-10', 40),
(1201, 346, 174, '2001-09-25', 36),
(1202, 189, 267, '2010-02-13', 28),
(1203, 100, 146, '2002-03-08', 10),
(1204, 225, 41, '2006-11-27', 43),
(1205, 243, 173, '2009-05-10', 10),
(1206, 210, 213, '2011-06-08', 48),
(1207, 470, 119, '2007-12-15', 46),
(1208, 250, 241, '2003-07-22', 47),
(1209, 43, 262, '2006-04-12', 14),
(1210, 236, 153, '2000-11-16', 4),
(1211, 364, 54, '2002-10-07', 5),
(1212, 234, 214, '2002-09-29', 45),
(1213, 89, 260, '2008-02-02', 26),
(1214, 349, 64, '2003-03-27', 41),
(1215, 363, 220, '2000-12-11', 3),
(1216, 312, 165, '2005-05-08', 34),
(1217, 377, 3, '2012-04-18', 29),
(1218, 465, 88, '2003-07-28', 48),
(1219, 191, 95, '2002-10-18', 21),
(1220, 105, 214, '2008-03-02', 50),
(1221, 195, 165, '2008-05-31', 6),
(1222, 440, 123, '2007-02-21', 37),
(1223, 398, 201, '2010-11-05', 22),
(1224, 338, 40, '2011-10-24', 42),
(1225, 295, 182, '2009-08-02', 26),
(1226, 17, 87, '2010-04-05', 17),
(1227, 231, 214, '2009-06-05', 33),
(1228, 207, 35, '2009-02-07', 18),
(1229, 427, 90, '2003-07-08', 20),
(1230, 137, 133, '2010-05-01', 19),
(1231, 199, 101, '2011-08-13', 1),
(1232, 78, 48, '2008-02-08', 2),
(1233, 285, 97, '2007-02-28', 10),
(1234, 16, 194, '2003-05-16', 27),
(1235, 483, 21, '2009-06-13', 41),
(1236, 482, 96, '2008-07-23', 37),
(1237, 376, 172, '2011-04-13', 4),
(1238, 447, 79, '2001-03-19', 5),
(1239, 442, 194, '2005-11-26', 42),
(1240, 186, 226, '2007-06-17', 16),
(1241, 218, 18, '2007-12-22', 1),
(1242, 422, 48, '2006-07-02', 4),
(1243, 177, 25, '2009-09-16', 17),
(1244, 211, 120, '2000-04-06', 17),
(1245, 72, 34, '2001-02-27', 48),
(1246, 48, 97, '2013-03-06', 13),
(1247, 15, 247, '2002-04-13', 21),
(1248, 324, 104, '2011-02-17', 48),
(1249, 338, 42, '2008-10-26', 14),
(1250, 370, 114, '2010-02-02', 1),
(1251, 374, 223, '2012-01-01', 28),
(1252, 91, 202, '2009-10-01', 22),
(1253, 215, 128, '2001-04-12', 14),
(1254, 177, 154, '2004-01-08', 37),
(1255, 432, 226, '2010-01-19', 17),
(1256, 195, 139, '2006-09-20', 20),
(1257, 64, 156, '2006-11-25', 21),
(1258, 487, 90, '2002-03-04', 29),
(1259, 95, 105, '2012-09-01', 20),
(1260, 343, 241, '2013-11-05', 15),
(1261, 315, 35, '2003-11-03', 49),
(1262, 465, 269, '2007-07-06', 21),
(1263, 239, 76, '2003-11-28', 2),
(1264, 484, 123, '2014-12-29', 32),
(1265, 419, 129, '2006-05-31', 9),
(1266, 273, 139, '2013-04-18', 35),
(1267, 190, 159, '2006-03-04', 28),
(1268, 272, 107, '2011-10-11', 15),
(1269, 125, 116, '2001-05-29', 21),
(1270, 333, 220, '2008-04-03', 31),
(1271, 454, 46, '2004-01-10', 2),
(1272, 484, 110, '2004-12-10', 36),
(1273, 470, 170, '2012-04-22', 26),
(1274, 110, 129, '2002-02-09', 39),
(1275, 94, 234, '2012-10-03', 30),
(1276, 135, 178, '2007-09-11', 20),
(1277, 296, 255, '2004-08-05', 35),
(1278, 395, 265, '2010-07-23', 33),
(1279, 494, 226, '2010-10-09', 40),
(1280, 352, 76, '2011-09-13', 37),
(1281, 19, 172, '2005-10-17', 34),
(1282, 388, 82, '2009-10-22', 16),
(1283, 165, 43, '2005-12-02', 47),
(1284, 452, 183, '2009-03-23', 14),
(1285, 348, 192, '2010-12-22', 32),
(1286, 36, 233, '2012-01-04', 23),
(1287, 115, 29, '2011-08-08', 20),
(1288, 217, 55, '2004-10-01', 22),
(1289, 236, 184, '2007-03-22', 15),
(1290, 359, 234, '2003-04-16', 29),
(1291, 497, 21, '2011-05-25', 3),
(1292, 175, 69, '2006-11-08', 46),
(1293, 272, 115, '2006-10-03', 23),
(1294, 380, 51, '2000-05-07', 20),
(1295, 364, 248, '2010-11-28', 15),
(1296, 288, 170, '2010-12-25', 35),
(1297, 488, 72, '2002-12-12', 21),
(1298, 61, 227, '2000-04-23', 13),
(1299, 288, 41, '2013-11-20', 44),
(1300, 323, 209, '2001-07-04', 48),
(1301, 276, 199, '2003-02-16', 8),
(1302, 83, 279, '2008-04-11', 32),
(1303, 237, 238, '2005-05-05', 10),
(1304, 373, 38, '2013-12-02', 19),
(1305, 296, 39, '2013-03-15', 15),
(1306, 248, 270, '2011-02-05', 24),
(1307, 50, 43, '2006-10-24', 42),
(1308, 427, 89, '2003-01-19', 38),
(1309, 26, 253, '2011-04-04', 19),
(1310, 216, 233, '2000-04-03', 36),
(1311, 305, 230, '2006-02-08', 15),
(1312, 435, 36, '2013-08-30', 22),
(1313, 312, 132, '2011-05-05', 49),
(1314, 330, 235, '2001-08-25', 24),
(1315, 193, 56, '2011-04-08', 28),
(1316, 476, 42, '2012-03-16', 47),
(1317, 130, 198, '2001-10-05', 24),
(1318, 63, 276, '2009-06-04', 49),
(1319, 329, 244, '2012-02-22', 30),
(1320, 448, 273, '2008-09-25', 31),
(1321, 230, 264, '2004-04-22', 49),
(1322, 230, 128, '2002-01-29', 25),
(1323, 438, 277, '2013-12-15', 43),
(1324, 7, 41, '2003-09-12', 8),
(1325, 138, 167, '2000-01-11', 8),
(1326, 60, 82, '2012-09-28', 37),
(1327, 103, 274, '2003-09-26', 18),
(1328, 432, 96, '2009-03-30', 22),
(1329, 248, 253, '2003-05-02', 43),
(1330, 85, 193, '2010-10-22', 50),
(1331, 71, 210, '2008-11-12', 33),
(1332, 150, 237, '2011-06-25', 30),
(1333, 190, 44, '2011-05-14', 28),
(1334, 441, 123, '2009-10-12', 25),
(1335, 315, 169, '2013-05-11', 35),
(1336, 171, 111, '2001-07-27', 48),
(1337, 261, 84, '2000-08-28', 8),
(1338, 307, 85, '2002-07-10', 36),
(1339, 371, 108, '2012-09-07', 35),
(1340, 244, 75, '2004-06-10', 17),
(1341, 163, 207, '2006-01-07', 42),
(1342, 323, 200, '2001-03-23', 37),
(1343, 468, 223, '2004-04-28', 49),
(1344, 402, 131, '2007-11-11', 33),
(1345, 119, 221, '2002-05-20', 34),
(1346, 167, 103, '2011-04-10', 50),
(1347, 245, 99, '2004-04-15', 50),
(1348, 190, 1, '2009-10-05', 16),
(1349, 161, 81, '2006-10-19', 18),
(1350, 363, 76, '2002-03-02', 36),
(1351, 464, 113, '2010-04-01', 10),
(1352, 141, 63, '2008-12-05', 2),
(1353, 249, 33, '2005-10-16', 26),
(1354, 35, 255, '2000-05-16', 21),
(1355, 301, 76, '2011-11-04', 45),
(1356, 53, 206, '2008-09-15', 5),
(1357, 106, 50, '2013-02-18', 47),
(1358, 349, 1, '2000-10-23', 38),
(1359, 358, 111, '2007-06-28', 26),
(1360, 69, 230, '2006-07-27', 20),
(1361, 230, 83, '2013-07-09', 29),
(1362, 125, 216, '2012-10-18', 42),
(1363, 230, 234, '2008-11-18', 46),
(1364, 48, 220, '2010-04-27', 48),
(1365, 81, 233, '2003-08-07', 36),
(1366, 356, 68, '2008-03-11', 21),
(1367, 235, 39, '2010-05-06', 13),
(1368, 213, 161, '2009-11-18', 20),
(1369, 300, 136, '2014-10-31', 28),
(1370, 17, 249, '2003-06-16', 7),
(1371, 462, 47, '2000-10-09', 29),
(1372, 42, 106, '2005-06-01', 34),
(1373, 101, 261, '2013-03-15', 17),
(1374, 458, 25, '2003-07-08', 18),
(1375, 54, 1, '2004-06-18', 41),
(1376, 78, 49, '2007-07-11', 11),
(1377, 297, 126, '2013-06-13', 44),
(1378, 347, 13, '2000-09-30', 39),
(1379, 92, 113, '2001-01-07', 2),
(1380, 75, 125, '2009-11-02', 28),
(1381, 475, 166, '2011-11-13', 5),
(1382, 416, 121, '2001-07-30', 9),
(1383, 222, 274, '2001-11-06', 18),
(1384, 226, 116, '2009-08-16', 22),
(1385, 47, 41, '2001-11-08', 17),
(1386, 250, 129, '2001-04-08', 49),
(1387, 26, 154, '2007-07-22', 20),
(1388, 416, 258, '2004-07-01', 42),
(1389, 421, 59, '2006-07-13', 37),
(1390, 441, 9, '2011-06-21', 13),
(1391, 303, 124, '2009-12-12', 41),
(1392, 42, 206, '2013-02-14', 1),
(1393, 476, 223, '2010-07-15', 24),
(1394, 141, 201, '2011-09-15', 1),
(1395, 449, 132, '2005-03-26', 47),
(1396, 177, 215, '2007-01-01', 48),
(1397, 169, 143, '2013-10-09', 21),
(1398, 459, 82, '2005-03-25', 43),
(1399, 106, 58, '2004-01-26', 38),
(1400, 97, 259, '2007-05-30', 15),
(1401, 26, 128, '2011-11-07', 19),
(1402, 340, 171, '2008-04-03', 32),
(1403, 353, 82, '2004-03-16', 8),
(1404, 459, 152, '2002-04-12', 21),
(1405, 208, 195, '2007-10-27', 47),
(1406, 448, 114, '2008-11-19', 50),
(1407, 64, 142, '2006-07-01', 31),
(1408, 256, 101, '2000-03-31', 27),
(1409, 106, 227, '2004-11-30', 2),
(1410, 4, 250, '2001-06-11', 42),
(1411, 464, 112, '2014-05-09', 44),
(1412, 29, 110, '2007-01-31', 29),
(1413, 121, 139, '2011-06-04', 18),
(1414, 347, 197, '2003-05-28', 29),
(1415, 1, 35, '2001-09-22', 22),
(1416, 32, 248, '2010-12-19', 20),
(1417, 418, 199, '2001-10-27', 16),
(1418, 400, 193, '2012-12-19', 31),
(1419, 492, 69, '2000-04-25', 21),
(1420, 484, 165, '2002-04-17', 9),
(1421, 278, 16, '2002-05-02', 32),
(1422, 417, 92, '2007-03-21', 21),
(1423, 175, 146, '2006-06-11', 12),
(1424, 89, 87, '2003-05-21', 31),
(1425, 216, 184, '2004-12-22', 50),
(1426, 281, 88, '2004-10-22', 38),
(1427, 373, 131, '2003-12-27', 1),
(1428, 101, 204, '2013-01-23', 37),
(1429, 82, 178, '2003-03-17', 25),
(1430, 298, 46, '2003-12-15', 10),
(1431, 238, 75, '2000-11-23', 21),
(1432, 277, 235, '2009-01-16', 23),
(1433, 245, 65, '2012-03-16', 24),
(1434, 134, 20, '2009-11-06', 11),
(1435, 101, 151, '2006-10-06', 41),
(1436, 224, 186, '2007-10-30', 45),
(1437, 131, 172, '2007-05-22', 48),
(1438, 56, 148, '2005-12-06', 43),
(1439, 125, 154, '2000-08-13', 5),
(1440, 371, 26, '2012-11-15', 50),
(1441, 200, 181, '2005-05-15', 49),
(1442, 332, 156, '2007-02-15', 28),
(1443, 373, 150, '2003-02-10', 38),
(1444, 235, 98, '2008-06-02', 29),
(1445, 255, 144, '2004-10-23', 44),
(1446, 430, 141, '2000-10-17', 49),
(1447, 470, 83, '2010-08-26', 45),
(1448, 86, 152, '2005-02-12', 8),
(1449, 53, 122, '2010-07-06', 20),
(1450, 124, 104, '2010-01-05', 39),
(1451, 344, 73, '2004-09-16', 12),
(1452, 395, 242, '2005-04-03', 33),
(1453, 92, 125, '2014-07-08', 44),
(1454, 60, 279, '2014-12-02', 39),
(1455, 379, 96, '2013-03-26', 48),
(1456, 408, 112, '2002-12-27', 10),
(1457, 21, 220, '2013-02-08', 45),
(1458, 263, 17, '2008-09-08', 42),
(1459, 281, 264, '2011-10-03', 49),
(1460, 204, 145, '2000-06-23', 31),
(1461, 53, 203, '2011-05-07', 10),
(1462, 435, 141, '2005-05-18', 39),
(1463, 405, 280, '2008-12-25', 47),
(1464, 228, 271, '2001-08-29', 17),
(1465, 441, 106, '2002-09-06', 11),
(1466, 92, 266, '2012-11-07', 26),
(1467, 114, 244, '2012-09-03', 21),
(1468, 138, 132, '2005-06-15', 20),
(1469, 293, 210, '2001-11-19', 45),
(1470, 475, 272, '2010-10-09', 38),
(1471, 254, 106, '2010-09-29', 31),
(1472, 306, 14, '2011-04-14', 34),
(1473, 211, 220, '2013-07-15', 24),
(1474, 368, 172, '2009-03-06', 36),
(1475, 421, 130, '2011-04-01', 36),
(1476, 332, 124, '2000-06-29', 24),
(1477, 253, 242, '2006-01-27', 38),
(1478, 435, 3, '2002-01-29', 3),
(1479, 200, 204, '2005-08-15', 41),
(1480, 283, 39, '2001-10-04', 14),
(1481, 45, 40, '2005-09-24', 46),
(1482, 56, 56, '2000-12-31', 25),
(1483, 438, 85, '2008-03-30', 34),
(1484, 129, 189, '2001-11-09', 12),
(1485, 310, 22, '2006-07-02', 31),
(1486, 439, 155, '2001-06-21', 44),
(1487, 55, 202, '2010-06-04', 2),
(1488, 87, 134, '2005-06-01', 34),
(1489, 491, 77, '2011-03-26', 43),
(1490, 152, 100, '2012-07-10', 1),
(1491, 7, 152, '2003-10-24', 49),
(1492, 484, 103, '2000-04-16', 35),
(1493, 144, 107, '2014-08-26', 31),
(1494, 463, 245, '2000-12-15', 49),
(1495, 148, 198, '2008-06-26', 16),
(1496, 173, 13, '2007-04-26', 26),
(1497, 124, 78, '2014-02-22', 44),
(1498, 176, 79, '2006-04-24', 49),
(1499, 304, 5, '2006-01-07', 36),
(1500, 497, 184, '2012-09-21', 40),
(1501, 147, 22, '2012-03-07', 11),
(1502, 213, 123, '2000-02-23', 31),
(1503, 420, 171, '2003-11-10', 9),
(1504, 284, 218, '2007-07-17', 50),
(1505, 410, 44, '2006-12-31', 22),
(1506, 4, 132, '2006-04-12', 46),
(1507, 71, 31, '2006-12-19', 10),
(1508, 380, 225, '2000-10-18', 34),
(1509, 486, 251, '2006-01-31', 47),
(1510, 350, 65, '2004-10-15', 11),
(1511, 285, 34, '2008-05-16', 19),
(1512, 21, 130, '2003-12-02', 16),
(1513, 472, 165, '2008-08-15', 7),
(1514, 340, 279, '2010-02-16', 31),
(1515, 68, 135, '2014-05-02', 30),
(1516, 383, 205, '2007-09-06', 2),
(1517, 56, 265, '2012-07-28', 6),
(1518, 173, 213, '2004-09-16', 42),
(1519, 87, 19, '2006-10-13', 11),
(1520, 69, 199, '2004-06-12', 40),
(1521, 62, 172, '2009-10-06', 42),
(1522, 306, 47, '2009-02-18', 28),
(1523, 107, 117, '2011-01-06', 22),
(1524, 244, 196, '2003-04-16', 30),
(1525, 184, 27, '2005-05-14', 9),
(1526, 151, 86, '2001-03-08', 22),
(1527, 142, 191, '2002-08-22', 4),
(1528, 145, 147, '2012-09-25', 35),
(1529, 115, 119, '2006-05-07', 10),
(1530, 195, 276, '2000-01-21', 7),
(1531, 277, 18, '2005-01-13', 6),
(1532, 240, 11, '2000-08-13', 12),
(1533, 431, 11, '2013-08-07', 42),
(1534, 335, 77, '2011-06-08', 43),
(1535, 393, 146, '2014-11-09', 42);
INSERT INTO `purchases` (`purchase_ID`, `customer_ID`, `wine_ID`, `date_of_purchase`, `amount_of_purchase`) VALUES
(1536, 306, 59, '2001-01-12', 9),
(1537, 116, 69, '2012-08-07', 9),
(1538, 305, 230, '2000-02-14', 2),
(1539, 50, 144, '2004-01-27', 23),
(1540, 179, 57, '2008-08-22', 31),
(1541, 146, 154, '2009-12-09', 10),
(1542, 318, 135, '2006-09-17', 6),
(1543, 490, 42, '2002-10-03', 45),
(1544, 351, 259, '2005-05-20', 37),
(1545, 380, 3, '2012-04-05', 8),
(1546, 47, 18, '2003-01-30', 22),
(1547, 128, 32, '2000-03-10', 39),
(1548, 63, 26, '2007-02-27', 17),
(1549, 318, 146, '2014-06-27', 23),
(1550, 445, 199, '2014-09-26', 41),
(1551, 378, 102, '2008-02-14', 7),
(1552, 459, 255, '2003-11-12', 6),
(1553, 206, 147, '2002-05-12', 47),
(1554, 176, 57, '2013-08-22', 34),
(1555, 242, 131, '2000-04-23', 19),
(1556, 353, 75, '2002-01-04', 6),
(1557, 335, 163, '2011-03-27', 32),
(1558, 427, 148, '2013-06-07', 1),
(1559, 335, 115, '2003-11-08', 20),
(1560, 173, 276, '2009-06-20', 25),
(1561, 115, 51, '2011-12-06', 49),
(1562, 30, 84, '2012-06-01', 3),
(1563, 337, 237, '2000-11-21', 25),
(1564, 322, 212, '2001-11-27', 27),
(1565, 308, 95, '2008-11-11', 11),
(1566, 75, 183, '2004-03-20', 40),
(1567, 96, 21, '2009-12-25', 20),
(1568, 328, 114, '2010-05-09', 11),
(1569, 221, 44, '2004-03-01', 10),
(1570, 15, 184, '2011-10-18', 25),
(1571, 429, 130, '2014-09-18', 39),
(1572, 110, 57, '2006-10-28', 23),
(1573, 166, 66, '2008-09-01', 4),
(1574, 88, 108, '2012-04-21', 30),
(1575, 54, 27, '2005-09-30', 18),
(1576, 82, 251, '2006-12-11', 36),
(1577, 32, 142, '2002-10-13', 6),
(1578, 137, 7, '2014-11-20', 18),
(1579, 480, 214, '2003-04-30', 35),
(1580, 249, 42, '2008-06-15', 20),
(1581, 220, 239, '2012-03-13', 24),
(1582, 245, 256, '2003-03-03', 11),
(1583, 208, 256, '2011-04-10', 5),
(1584, 147, 165, '2008-11-08', 8),
(1585, 233, 123, '2002-06-09', 22),
(1586, 28, 277, '2002-08-12', 35),
(1587, 101, 225, '2009-12-13', 47),
(1588, 107, 173, '2003-03-29', 27),
(1589, 199, 221, '2007-11-19', 32),
(1590, 416, 118, '2009-07-17', 6),
(1591, 124, 236, '2008-10-26', 14),
(1592, 74, 117, '2004-06-08', 16),
(1593, 389, 217, '2011-12-11', 21),
(1594, 185, 88, '2008-04-06', 38),
(1595, 147, 67, '2010-12-30', 8),
(1596, 496, 210, '2004-11-23', 43),
(1597, 58, 36, '2009-11-24', 8),
(1598, 182, 174, '2011-08-19', 27),
(1599, 454, 9, '2005-06-07', 40),
(1600, 470, 36, '2005-02-24', 6),
(1601, 69, 8, '2000-07-01', 13),
(1602, 372, 183, '2006-03-14', 7),
(1603, 208, 75, '2001-05-18', 20),
(1604, 118, 79, '2012-03-06', 5),
(1605, 242, 83, '2006-01-08', 39),
(1606, 188, 70, '2007-01-26', 6),
(1607, 325, 183, '2006-06-26', 4),
(1608, 379, 47, '2007-09-22', 2),
(1609, 486, 108, '2008-05-26', 39),
(1610, 90, 162, '2002-02-06', 2),
(1611, 233, 111, '2003-04-19', 20),
(1612, 164, 53, '2006-04-19', 11),
(1613, 472, 179, '2014-02-09', 46),
(1614, 439, 227, '2005-08-04', 12),
(1615, 283, 247, '2000-12-29', 30),
(1616, 401, 108, '2014-03-17', 41),
(1617, 25, 2, '2011-07-18', 29),
(1618, 51, 154, '2014-06-07', 13),
(1619, 60, 129, '2003-10-15', 40),
(1620, 257, 245, '2006-09-07', 37),
(1621, 198, 104, '2011-05-19', 21),
(1622, 282, 15, '2012-06-30', 38),
(1623, 428, 189, '2013-03-09', 28),
(1624, 423, 263, '2013-07-01', 4),
(1625, 256, 212, '2014-12-24', 4),
(1626, 304, 86, '2007-07-06', 45),
(1627, 402, 236, '2006-08-04', 10),
(1628, 50, 199, '2012-02-13', 37),
(1629, 402, 208, '2000-12-28', 32),
(1630, 89, 41, '2009-01-17', 29),
(1631, 30, 51, '2009-04-10', 3),
(1632, 242, 163, '2000-09-14', 23),
(1633, 383, 50, '2013-02-03', 33),
(1634, 255, 230, '2012-03-28', 42),
(1635, 205, 109, '2008-12-18', 18),
(1636, 466, 183, '2002-08-31', 20),
(1637, 129, 217, '2003-05-14', 3),
(1638, 290, 121, '2008-10-18', 23),
(1639, 6, 73, '2000-04-16', 25),
(1640, 439, 8, '2012-10-15', 29),
(1641, 473, 238, '2008-03-31', 47),
(1642, 425, 2, '2005-01-04', 38),
(1643, 211, 167, '2013-11-27', 11),
(1644, 37, 31, '2012-12-03', 19),
(1645, 166, 132, '2013-01-23', 50),
(1646, 128, 259, '2008-08-07', 50),
(1647, 446, 273, '2005-04-02', 22),
(1648, 325, 246, '2009-05-06', 45),
(1649, 392, 50, '2007-04-16', 15),
(1650, 325, 103, '2010-06-27', 47),
(1651, 172, 240, '2002-04-11', 38),
(1652, 114, 214, '2005-04-16', 26),
(1653, 353, 277, '2012-03-01', 30),
(1654, 437, 112, '2013-02-27', 7),
(1655, 179, 106, '2000-04-18', 6),
(1656, 166, 38, '2005-05-23', 44),
(1657, 424, 102, '2001-07-09', 46),
(1658, 310, 46, '2008-01-01', 2),
(1659, 367, 104, '2008-01-13', 32),
(1660, 59, 61, '2003-01-20', 13),
(1661, 320, 253, '2000-10-04', 48),
(1662, 229, 57, '2000-05-25', 29),
(1663, 23, 133, '2001-01-10', 28),
(1664, 94, 112, '2001-01-28', 19),
(1665, 271, 217, '2003-08-04', 47),
(1666, 469, 261, '2007-09-09', 37),
(1667, 202, 49, '2006-01-25', 11),
(1668, 2, 195, '2009-12-10', 23),
(1669, 296, 158, '2009-08-07', 19),
(1670, 19, 177, '2010-04-28', 2),
(1671, 401, 111, '2005-07-19', 16),
(1672, 232, 42, '2013-10-17', 14),
(1673, 414, 261, '2013-07-11', 36),
(1674, 414, 215, '2010-08-23', 22),
(1675, 492, 172, '2007-12-03', 2),
(1676, 60, 149, '2012-12-14', 34),
(1677, 238, 89, '2008-10-16', 1),
(1678, 32, 59, '2005-03-16', 25),
(1679, 217, 101, '2001-04-13', 33),
(1680, 123, 188, '2009-10-16', 46),
(1681, 343, 240, '2005-04-20', 5),
(1682, 421, 155, '2013-03-27', 15),
(1683, 132, 29, '2009-02-05', 13),
(1684, 146, 133, '2013-09-29', 2),
(1685, 237, 101, '2014-11-13', 23),
(1686, 498, 45, '2008-01-15', 3),
(1687, 4, 121, '2013-07-13', 9),
(1688, 156, 139, '2008-04-30', 31),
(1689, 150, 8, '2000-02-24', 45),
(1690, 276, 77, '2002-05-27', 35),
(1691, 483, 244, '2012-07-02', 5),
(1692, 371, 98, '2000-04-21', 8),
(1693, 171, 150, '2005-01-04', 13),
(1694, 184, 4, '2001-03-13', 35),
(1695, 406, 138, '2002-02-15', 20),
(1696, 143, 5, '2010-01-30', 7),
(1697, 222, 60, '2012-09-18', 49),
(1698, 111, 71, '2012-10-26', 40),
(1699, 459, 183, '2012-01-16', 12),
(1700, 449, 185, '2000-02-25', 20),
(1701, 133, 37, '2013-02-09', 20),
(1702, 497, 55, '2008-11-04', 4),
(1703, 234, 191, '2003-01-21', 12),
(1704, 459, 90, '2010-03-02', 27),
(1705, 496, 89, '2004-07-17', 21),
(1706, 228, 225, '2000-03-24', 3),
(1707, 155, 255, '2013-03-25', 18),
(1708, 396, 207, '2001-05-08', 47),
(1709, 358, 219, '2006-08-09', 22),
(1710, 319, 17, '2009-05-22', 43),
(1711, 75, 168, '2007-05-24', 27),
(1712, 72, 251, '2000-08-22', 38),
(1713, 323, 221, '2006-01-24', 10),
(1714, 219, 114, '2005-03-12', 24),
(1715, 305, 126, '2000-03-28', 4),
(1716, 132, 220, '2006-10-16', 6),
(1717, 225, 257, '2012-01-31', 39),
(1718, 198, 239, '2005-07-05', 50),
(1719, 426, 79, '2009-06-24', 36),
(1720, 183, 204, '2002-09-01', 28),
(1721, 367, 259, '2012-12-07', 19),
(1722, 259, 103, '2009-10-18', 15),
(1723, 381, 254, '2001-01-18', 29),
(1724, 173, 165, '2006-11-09', 2),
(1725, 94, 270, '2012-05-24', 2),
(1726, 100, 77, '2006-08-19', 42),
(1727, 16, 75, '2013-04-18', 21),
(1728, 438, 157, '2005-02-11', 40),
(1729, 129, 10, '2011-09-04', 13),
(1730, 222, 148, '2007-02-06', 50),
(1731, 328, 243, '2014-07-25', 32),
(1732, 164, 107, '2005-07-19', 48),
(1733, 384, 181, '2014-10-29', 2),
(1734, 349, 157, '2003-02-20', 47),
(1735, 495, 108, '2005-04-17', 18),
(1736, 381, 91, '2004-05-06', 24),
(1737, 479, 197, '2011-01-21', 20),
(1738, 480, 178, '2002-08-03', 13),
(1739, 240, 56, '2001-05-22', 49),
(1740, 326, 55, '2003-12-22', 8),
(1741, 444, 196, '2012-12-28', 35),
(1742, 97, 114, '2002-08-25', 3),
(1743, 136, 90, '2006-11-06', 13),
(1744, 111, 250, '2000-10-20', 48),
(1745, 455, 112, '2000-04-22', 50),
(1746, 413, 64, '2010-10-13', 17),
(1747, 69, 56, '2000-03-15', 49),
(1748, 270, 45, '2005-01-24', 4),
(1749, 96, 156, '2000-12-10', 28),
(1750, 236, 159, '2001-01-21', 14),
(1751, 43, 124, '2005-01-13', 33),
(1752, 404, 159, '2004-08-29', 2),
(1753, 399, 276, '2006-08-01', 5),
(1754, 64, 259, '2008-03-03', 32),
(1755, 58, 15, '2008-03-03', 27),
(1756, 156, 154, '2011-11-16', 28),
(1757, 81, 144, '2002-03-18', 3),
(1758, 15, 207, '2001-01-22', 16),
(1759, 411, 121, '2013-08-11', 25),
(1760, 404, 75, '2005-12-19', 32),
(1761, 120, 194, '2012-12-09', 34),
(1762, 436, 168, '2010-03-11', 41),
(1763, 164, 179, '2013-07-13', 37),
(1764, 232, 1, '2001-03-15', 9),
(1765, 184, 202, '2004-12-30', 44),
(1766, 322, 67, '2005-11-19', 35),
(1767, 324, 268, '2013-07-21', 28),
(1768, 381, 11, '2006-05-21', 26),
(1769, 403, 109, '2002-03-24', 28),
(1770, 401, 140, '2001-11-26', 10),
(1771, 234, 276, '2011-03-08', 15),
(1772, 51, 188, '2013-10-31', 21),
(1773, 251, 249, '2004-05-08', 35),
(1774, 260, 70, '2014-08-08', 32),
(1775, 194, 276, '2007-09-28', 21),
(1776, 91, 68, '2010-11-11', 41),
(1777, 135, 157, '2014-11-12', 37),
(1778, 329, 55, '2002-01-29', 39),
(1779, 366, 135, '2005-12-17', 36),
(1780, 44, 216, '2005-04-01', 24),
(1781, 409, 235, '2009-11-23', 19),
(1782, 85, 220, '2005-08-11', 18),
(1783, 102, 24, '2011-12-11', 15),
(1784, 341, 45, '2002-08-08', 4),
(1785, 195, 216, '2013-09-04', 6),
(1786, 275, 275, '2005-10-05', 20),
(1787, 49, 59, '2009-11-15', 14),
(1788, 479, 211, '2009-01-24', 43),
(1789, 387, 11, '2011-07-19', 46),
(1790, 300, 157, '2010-11-03', 48),
(1791, 110, 265, '2004-07-20', 39),
(1792, 412, 19, '2004-03-23', 45),
(1793, 204, 76, '2013-08-12', 25),
(1794, 248, 182, '2011-04-13', 45),
(1795, 289, 83, '2001-07-24', 2),
(1796, 395, 83, '2012-02-28', 45),
(1797, 317, 13, '2000-04-27', 47),
(1798, 299, 258, '2007-02-19', 44),
(1799, 35, 85, '2000-04-11', 49),
(1800, 253, 58, '2013-09-14', 7),
(1801, 291, 53, '2012-09-27', 46),
(1802, 279, 143, '2010-10-15', 42),
(1803, 112, 218, '2009-01-18', 48),
(1804, 77, 97, '2002-10-20', 11),
(1805, 137, 118, '2011-05-13', 42),
(1806, 26, 142, '2008-03-18', 36),
(1807, 103, 7, '2004-05-13', 24),
(1808, 66, 4, '2006-01-12', 45),
(1809, 444, 69, '2007-04-26', 45),
(1810, 169, 51, '2000-12-24', 43),
(1811, 77, 56, '2009-08-09', 40),
(1812, 97, 280, '2004-05-29', 43),
(1813, 155, 235, '2012-12-10', 44),
(1814, 244, 135, '2005-05-10', 40),
(1815, 110, 128, '2008-01-04', 26),
(1816, 195, 11, '2000-04-13', 38),
(1817, 118, 223, '2007-08-20', 8),
(1818, 21, 179, '2005-03-05', 14),
(1819, 413, 209, '2012-02-02', 49),
(1820, 301, 78, '2013-12-18', 17),
(1821, 441, 199, '2006-10-31', 43),
(1822, 14, 257, '2005-02-06', 16),
(1823, 356, 67, '2009-06-17', 11),
(1824, 206, 153, '2000-09-17', 35),
(1825, 84, 87, '2010-05-12', 18),
(1826, 289, 34, '2011-02-04', 4),
(1827, 234, 260, '2001-10-17', 24),
(1828, 187, 128, '2009-10-16', 8),
(1829, 175, 181, '2012-06-16', 47),
(1830, 240, 221, '2000-04-06', 8),
(1831, 213, 88, '2013-10-21', 15),
(1832, 210, 173, '2009-01-18', 48),
(1833, 164, 243, '2014-03-22', 19),
(1834, 326, 278, '2004-09-19', 7),
(1835, 154, 243, '2000-01-08', 22),
(1836, 322, 214, '2005-11-22', 36),
(1837, 332, 218, '2011-09-29', 46),
(1838, 204, 60, '2008-04-30', 27),
(1839, 234, 204, '2010-02-21', 33),
(1840, 415, 2, '2001-01-25', 31),
(1841, 37, 159, '2007-08-16', 48),
(1842, 60, 168, '2014-12-18', 40),
(1843, 421, 146, '2004-02-14', 14),
(1844, 75, 122, '2008-09-03', 49),
(1845, 247, 66, '2003-08-26', 6),
(1846, 80, 182, '2004-06-12', 46),
(1847, 357, 246, '2010-05-26', 30),
(1848, 421, 77, '2007-01-01', 21),
(1849, 29, 28, '2001-06-15', 15),
(1850, 324, 188, '2010-04-03', 25),
(1851, 239, 127, '2005-01-16', 28),
(1852, 499, 275, '2005-05-16', 14),
(1853, 144, 135, '2000-08-08', 47),
(1854, 57, 44, '2000-11-04', 3),
(1855, 449, 93, '2004-06-10', 13),
(1856, 19, 176, '2007-02-08', 40),
(1857, 103, 205, '2007-08-03', 45),
(1858, 92, 278, '2004-05-15', 37),
(1859, 486, 271, '2013-03-17', 37),
(1860, 226, 150, '2006-11-01', 34),
(1861, 247, 76, '2011-06-02', 32),
(1862, 409, 63, '2006-10-16', 22),
(1863, 387, 75, '2008-07-28', 27),
(1864, 455, 37, '2009-04-04', 6),
(1865, 469, 234, '2010-04-28', 15),
(1866, 157, 109, '2003-02-08', 1),
(1867, 26, 49, '2005-12-23', 33),
(1868, 209, 243, '2009-02-21', 44),
(1869, 405, 147, '2003-10-14', 5),
(1870, 318, 238, '2014-02-24', 45),
(1871, 270, 247, '2006-02-26', 35),
(1872, 123, 254, '2010-03-28', 15),
(1873, 481, 24, '2002-04-10', 17),
(1874, 58, 78, '2012-01-15', 36),
(1875, 447, 153, '2009-06-21', 42),
(1876, 474, 48, '2007-03-14', 19),
(1877, 267, 216, '2013-02-12', 20),
(1878, 151, 243, '2008-10-11', 20),
(1879, 19, 237, '2003-05-01', 16),
(1880, 228, 117, '2005-12-04', 17),
(1881, 344, 270, '2009-03-06', 35),
(1882, 483, 55, '2009-11-10', 27),
(1883, 49, 65, '2013-03-06', 2),
(1884, 36, 211, '2011-03-31', 13),
(1885, 22, 183, '2007-05-10', 9),
(1886, 300, 130, '2010-12-06', 46),
(1887, 411, 44, '2001-04-17', 11),
(1888, 62, 220, '2002-04-05', 36),
(1889, 268, 8, '2008-03-25', 29),
(1890, 239, 4, '2014-07-22', 24),
(1891, 103, 29, '2001-06-24', 25),
(1892, 368, 31, '2002-04-24', 8),
(1893, 100, 270, '2014-01-31', 45),
(1894, 206, 71, '2006-01-18', 23),
(1895, 454, 85, '2000-09-08', 35),
(1896, 98, 25, '2002-12-16', 28),
(1897, 107, 86, '2004-03-30', 39),
(1898, 76, 40, '2004-12-25', 43),
(1899, 323, 151, '2003-11-29', 14),
(1900, 18, 34, '2000-11-21', 17),
(1901, 18, 165, '2003-08-30', 40),
(1902, 412, 128, '2003-09-08', 26),
(1903, 153, 243, '2005-01-30', 25),
(1904, 148, 37, '2006-05-05', 36),
(1905, 265, 272, '2000-12-11', 5),
(1906, 326, 56, '2014-09-02', 9),
(1907, 255, 136, '2012-03-26', 33),
(1908, 236, 32, '2003-05-31', 18),
(1909, 353, 165, '2011-04-12', 28),
(1910, 354, 26, '2001-02-25', 40),
(1911, 295, 204, '2006-08-22', 48),
(1912, 456, 218, '2009-06-25', 19),
(1913, 457, 76, '2009-02-20', 49),
(1914, 459, 126, '2003-11-21', 24),
(1915, 72, 151, '2000-07-31', 11),
(1916, 15, 264, '2006-02-20', 21),
(1917, 421, 258, '2010-05-27', 42),
(1918, 404, 101, '2007-10-09', 16),
(1919, 255, 133, '2011-11-29', 27),
(1920, 97, 84, '2005-11-01', 6),
(1921, 102, 158, '2012-01-23', 49),
(1922, 453, 3, '2008-12-09', 37),
(1923, 308, 38, '2009-08-06', 16),
(1924, 463, 232, '2002-10-05', 27),
(1925, 379, 141, '2014-04-16', 44),
(1926, 163, 11, '2009-01-21', 49),
(1927, 301, 210, '2011-10-12', 20),
(1928, 105, 277, '2004-05-04', 2),
(1929, 292, 106, '2007-08-20', 9),
(1930, 214, 159, '2009-06-16', 14),
(1931, 100, 51, '2013-07-18', 26),
(1932, 27, 162, '2005-04-30', 13),
(1933, 344, 278, '2009-03-14', 13),
(1934, 291, 32, '2012-01-29', 14),
(1935, 242, 212, '2008-11-13', 25),
(1936, 233, 108, '2008-05-22', 39),
(1937, 211, 88, '2008-08-25', 37),
(1938, 386, 101, '2005-08-19', 36),
(1939, 114, 130, '2004-01-02', 3),
(1940, 206, 11, '2014-02-04', 12),
(1941, 177, 201, '2007-08-07', 2),
(1942, 291, 47, '2000-09-28', 24),
(1943, 254, 261, '2010-08-25', 28),
(1944, 350, 6, '2012-11-08', 42),
(1945, 423, 191, '2006-01-22', 13),
(1946, 158, 111, '2012-09-30', 3),
(1947, 177, 141, '2006-01-09', 30),
(1948, 426, 218, '2011-01-25', 3),
(1949, 483, 167, '2001-06-20', 21),
(1950, 390, 24, '2005-04-11', 10),
(1951, 72, 3, '2001-07-22', 39),
(1952, 455, 118, '2014-01-28', 38),
(1953, 467, 181, '2013-09-04', 29),
(1954, 303, 135, '2003-03-10', 6),
(1955, 201, 125, '2003-04-22', 18),
(1956, 69, 214, '2000-09-09', 42),
(1957, 107, 37, '2005-08-20', 29),
(1958, 460, 278, '2007-04-25', 3),
(1959, 138, 207, '2006-10-08', 48),
(1960, 319, 218, '2003-03-23', 22),
(1961, 461, 203, '2000-07-02', 45),
(1962, 210, 138, '2003-05-18', 7),
(1963, 291, 194, '2001-08-06', 9),
(1964, 222, 267, '2013-03-01', 29),
(1965, 193, 49, '2003-04-04', 11),
(1966, 290, 241, '2012-07-01', 9),
(1967, 204, 50, '2004-04-14', 4),
(1968, 50, 143, '2013-04-14', 19),
(1969, 194, 12, '2005-12-19', 42),
(1970, 215, 113, '2007-07-15', 38),
(1971, 286, 209, '2004-03-31', 16),
(1972, 45, 166, '2002-05-05', 11),
(1973, 191, 77, '2008-05-12', 7),
(1974, 490, 189, '2005-10-10', 44),
(1975, 205, 20, '2006-10-16', 1),
(1976, 238, 105, '2014-06-01', 47),
(1977, 123, 6, '2008-04-22', 48),
(1978, 373, 16, '2002-03-06', 50),
(1979, 449, 108, '2010-05-03', 19),
(1980, 490, 133, '2013-04-22', 22),
(1981, 480, 226, '2007-04-18', 46),
(1982, 22, 243, '2013-12-30', 12),
(1983, 101, 207, '2007-07-16', 14),
(1984, 206, 231, '2010-09-12', 34),
(1985, 345, 254, '2011-04-21', 20),
(1986, 477, 69, '2007-06-07', 27),
(1987, 219, 6, '2002-01-08', 6),
(1988, 5, 185, '2012-03-19', 15),
(1989, 328, 256, '2012-11-17', 15),
(1990, 55, 212, '2014-10-25', 37),
(1991, 32, 265, '2009-04-14', 32),
(1992, 128, 182, '2000-09-14', 7),
(1993, 39, 212, '2011-09-28', 20),
(1994, 171, 138, '2004-07-14', 33),
(1995, 183, 34, '2012-10-30', 12),
(1996, 359, 267, '2006-08-10', 26),
(1997, 148, 129, '2010-04-11', 49),
(1998, 107, 260, '2009-05-18', 15),
(1999, 77, 274, '2008-03-12', 9),
(2000, 138, 194, '2010-08-04', 22),
(2001, 428, 145, '2007-11-19', 33),
(2002, 41, 260, '2000-02-02', 31),
(2003, 302, 2, '2010-11-22', 48),
(2004, 434, 192, '2013-12-18', 11),
(2005, 166, 196, '2010-09-03', 12),
(2006, 18, 162, '2012-06-07', 10),
(2007, 343, 145, '2013-05-11', 16),
(2008, 402, 171, '2005-10-25', 6),
(2009, 289, 35, '2007-03-13', 21),
(2010, 190, 278, '2007-07-16', 25),
(2011, 208, 31, '2007-01-14', 34),
(2012, 200, 144, '2010-02-23', 25),
(2013, 458, 79, '2014-04-14', 3),
(2014, 231, 234, '2013-01-15', 22),
(2015, 496, 147, '2007-05-26', 5),
(2016, 21, 64, '2004-03-04', 30),
(2017, 456, 167, '2002-05-19', 6),
(2018, 490, 67, '2006-01-19', 44),
(2019, 387, 273, '2009-07-27', 48),
(2020, 467, 223, '2011-02-16', 22),
(2021, 76, 279, '2005-01-04', 16),
(2022, 146, 135, '2014-10-17', 42),
(2023, 273, 40, '2004-08-30', 30),
(2024, 34, 95, '2005-12-21', 10),
(2025, 329, 266, '2011-02-14', 50),
(2026, 410, 127, '2009-08-11', 11),
(2027, 40, 244, '2000-12-31', 29),
(2028, 394, 219, '2002-07-03', 48),
(2029, 177, 266, '2005-11-30', 35),
(2030, 461, 62, '2008-01-16', 13),
(2031, 325, 190, '2000-04-06', 42),
(2032, 71, 214, '2004-05-17', 24),
(2033, 73, 47, '2008-02-09', 7),
(2034, 306, 203, '2009-11-21', 17),
(2035, 162, 198, '2008-01-28', 44),
(2036, 410, 165, '2011-01-18', 8),
(2037, 19, 237, '2007-07-14', 28),
(2038, 482, 152, '2009-09-25', 40),
(2039, 321, 100, '2004-07-17', 8),
(2040, 478, 237, '2014-02-05', 26),
(2041, 305, 269, '2012-08-19', 25),
(2042, 131, 276, '2005-02-14', 43),
(2043, 240, 60, '2011-03-30', 16),
(2044, 486, 157, '2008-06-12', 11),
(2045, 458, 280, '2011-04-23', 30),
(2046, 82, 21, '2002-07-13', 21),
(2047, 160, 198, '2009-01-03', 45),
(2048, 364, 54, '2003-09-28', 9),
(2049, 428, 12, '2007-07-23', 5),
(2050, 350, 123, '2009-11-30', 9),
(2051, 138, 29, '2010-02-13', 25),
(2052, 211, 254, '2003-03-07', 6),
(2053, 360, 117, '2001-08-09', 18),
(2054, 285, 182, '2007-05-12', 1),
(2055, 2, 68, '2009-09-09', 23),
(2056, 224, 96, '2009-10-25', 1),
(2057, 201, 104, '2000-01-27', 10),
(2058, 219, 107, '2011-02-08', 7),
(2059, 125, 180, '2002-04-04', 6),
(2060, 333, 20, '2011-09-23', 18),
(2061, 129, 38, '2011-01-24', 23),
(2062, 435, 154, '2009-07-06', 20),
(2063, 77, 218, '2006-01-28', 5),
(2064, 298, 178, '2006-04-10', 28),
(2065, 248, 16, '2002-12-29', 32),
(2066, 162, 29, '2001-02-18', 8),
(2067, 276, 75, '2012-05-21', 7),
(2068, 352, 233, '2014-10-30', 50),
(2069, 114, 48, '2002-01-05', 1),
(2070, 312, 231, '2012-12-08', 14),
(2071, 8, 17, '2003-10-29', 12),
(2072, 295, 27, '2004-02-29', 9),
(2073, 383, 235, '2009-08-10', 4),
(2074, 214, 136, '2001-09-05', 34),
(2075, 334, 20, '2004-11-08', 6),
(2076, 273, 82, '2012-09-16', 15),
(2077, 167, 7, '2007-04-06', 4),
(2078, 164, 187, '2003-07-25', 22),
(2079, 490, 275, '2005-12-20', 10),
(2080, 302, 157, '2013-06-20', 4),
(2081, 374, 159, '2001-11-04', 13),
(2082, 451, 182, '2011-02-01', 20),
(2083, 157, 245, '2009-04-18', 38),
(2084, 273, 123, '2003-07-15', 31),
(2085, 110, 248, '2005-04-22', 18),
(2086, 116, 244, '2006-12-02', 20),
(2087, 345, 86, '2001-12-23', 33),
(2088, 198, 183, '2011-12-10', 40),
(2089, 35, 233, '2000-05-09', 48),
(2090, 124, 62, '2011-02-12', 29),
(2091, 148, 102, '2012-09-05', 26),
(2092, 341, 119, '2002-06-16', 44),
(2093, 406, 177, '2012-06-25', 31),
(2094, 43, 233, '2013-11-18', 13),
(2095, 14, 244, '2014-06-15', 1),
(2096, 451, 165, '2014-12-18', 21),
(2097, 171, 218, '2007-11-08', 37),
(2098, 334, 95, '2008-04-11', 25),
(2099, 180, 203, '2006-07-15', 13),
(2100, 299, 145, '2013-04-03', 22),
(2101, 336, 278, '2005-06-20', 27),
(2102, 216, 2, '2014-12-18', 40),
(2103, 209, 196, '2002-08-27', 46),
(2104, 179, 162, '2013-08-21', 4),
(2105, 130, 246, '2004-01-21', 19),
(2106, 473, 159, '2008-01-21', 45),
(2107, 416, 162, '2012-10-08', 50),
(2108, 63, 112, '2007-11-05', 13),
(2109, 254, 169, '2010-11-27', 32),
(2110, 116, 214, '2001-11-06', 30),
(2111, 313, 129, '2006-04-15', 50),
(2112, 55, 275, '2005-04-07', 33),
(2113, 225, 243, '2008-02-21', 14),
(2114, 155, 25, '2011-01-30', 31),
(2115, 3, 32, '2005-03-23', 8),
(2116, 408, 49, '2010-02-13', 49),
(2117, 47, 128, '2011-06-17', 47),
(2118, 322, 11, '2001-03-21', 20),
(2119, 239, 47, '2005-11-18', 31),
(2120, 468, 69, '2002-06-11', 27),
(2121, 482, 65, '2011-04-10', 40),
(2122, 200, 208, '2003-01-02', 9),
(2123, 141, 71, '2002-01-18', 2),
(2124, 347, 109, '2012-04-17', 36),
(2125, 3, 179, '2001-02-22', 33),
(2126, 171, 110, '2006-10-22', 29),
(2127, 475, 47, '2001-08-04', 28),
(2128, 485, 71, '2013-01-18', 9),
(2129, 377, 202, '2003-06-05', 5),
(2130, 15, 254, '2007-12-08', 29),
(2131, 26, 69, '2012-08-16', 2),
(2132, 39, 39, '2003-08-31', 44),
(2133, 239, 264, '2005-09-08', 7),
(2134, 247, 183, '2006-01-02', 16),
(2135, 87, 147, '2000-04-27', 31),
(2136, 473, 44, '2002-03-27', 4),
(2137, 155, 153, '2003-06-06', 34),
(2138, 469, 98, '2006-11-12', 20),
(2139, 55, 69, '2004-03-19', 5),
(2140, 482, 1, '2006-07-19', 45),
(2141, 344, 147, '2010-12-26', 22),
(2142, 387, 209, '2010-11-10', 10),
(2143, 59, 30, '2002-10-17', 36),
(2144, 131, 7, '2004-05-09', 38),
(2145, 44, 238, '2007-06-28', 36),
(2146, 338, 267, '2001-12-14', 1),
(2147, 60, 171, '2006-12-28', 42),
(2148, 314, 68, '2010-04-30', 39),
(2149, 256, 141, '2007-08-14', 15),
(2150, 467, 59, '2002-08-26', 41),
(2151, 106, 138, '2001-07-10', 34),
(2152, 320, 141, '2000-10-03', 26),
(2153, 349, 184, '2004-02-14', 44),
(2154, 347, 164, '2008-02-10', 46),
(2155, 245, 225, '2006-08-13', 24),
(2156, 431, 224, '2005-02-04', 43),
(2157, 462, 47, '2014-09-07', 3),
(2158, 150, 8, '2004-06-17', 15),
(2159, 291, 102, '2013-10-23', 4),
(2160, 300, 212, '2014-02-05', 11),
(2161, 330, 91, '2003-06-19', 39),
(2162, 491, 172, '2002-03-03', 36),
(2163, 363, 263, '2013-06-06', 11),
(2164, 30, 121, '2005-12-11', 13),
(2165, 338, 94, '2004-08-18', 44),
(2166, 256, 127, '2003-12-23', 23),
(2167, 248, 191, '2000-12-02', 48),
(2168, 227, 231, '2010-07-24', 35),
(2169, 47, 235, '2004-05-23', 12),
(2170, 475, 115, '2004-03-07', 39),
(2171, 10, 280, '2013-06-28', 5),
(2172, 208, 18, '2007-04-27', 22),
(2173, 144, 164, '2012-05-11', 1),
(2174, 129, 270, '2012-06-27', 32),
(2175, 448, 119, '2004-06-08', 49),
(2176, 418, 82, '2013-07-16', 17),
(2177, 403, 78, '2000-10-29', 18),
(2178, 379, 245, '2005-04-13', 9),
(2179, 119, 119, '2008-11-04', 8),
(2180, 289, 48, '2003-07-27', 34),
(2181, 29, 169, '2009-01-05', 27),
(2182, 487, 168, '2008-01-03', 43),
(2183, 268, 44, '2004-08-11', 41),
(2184, 52, 108, '2011-07-18', 43),
(2185, 119, 21, '2014-02-10', 9),
(2186, 175, 12, '2001-04-28', 10),
(2187, 69, 48, '2003-02-21', 44),
(2188, 434, 59, '2000-12-09', 30),
(2189, 170, 259, '2004-09-22', 11),
(2190, 462, 215, '2005-05-10', 9),
(2191, 348, 115, '2011-05-11', 5),
(2192, 403, 83, '2004-06-23', 28),
(2193, 124, 58, '2001-05-08', 35),
(2194, 301, 107, '2010-09-21', 14),
(2195, 426, 202, '2004-01-30', 41),
(2196, 182, 35, '2009-03-19', 5),
(2197, 178, 259, '2008-05-10', 20),
(2198, 344, 5, '2011-02-14', 3),
(2199, 108, 165, '2004-03-04', 10),
(2200, 234, 190, '2013-05-29', 18),
(2201, 390, 1, '2003-01-09', 46),
(2202, 97, 138, '2000-05-24', 21),
(2203, 394, 140, '2012-12-15', 8),
(2204, 88, 147, '2008-10-05', 13),
(2205, 323, 226, '2001-02-23', 16),
(2206, 331, 136, '2002-07-22', 18),
(2207, 357, 275, '2006-12-28', 15),
(2208, 244, 159, '2001-06-23', 11),
(2209, 283, 73, '2001-10-03', 40),
(2210, 75, 49, '2014-09-27', 50),
(2211, 288, 7, '2010-06-17', 14),
(2212, 443, 133, '2012-09-21', 28),
(2213, 484, 211, '2002-01-27', 39),
(2214, 474, 144, '2014-02-08', 17),
(2215, 310, 219, '2000-09-25', 3),
(2216, 439, 140, '2010-09-28', 50),
(2217, 310, 194, '2005-02-06', 47),
(2218, 444, 161, '2004-03-21', 19),
(2219, 144, 106, '2004-07-13', 6),
(2220, 325, 240, '2011-02-14', 39),
(2221, 191, 246, '2001-09-30', 47),
(2222, 124, 249, '2008-06-12', 9),
(2223, 494, 131, '2007-01-17', 5),
(2224, 458, 31, '2011-01-06', 45),
(2225, 7, 210, '2005-02-19', 23),
(2226, 495, 271, '2012-10-04', 28),
(2227, 272, 170, '2010-05-22', 41),
(2228, 295, 165, '2007-06-23', 19),
(2229, 166, 170, '2013-12-14', 50),
(2230, 68, 101, '2005-03-09', 47),
(2231, 175, 17, '2012-07-16', 21),
(2232, 431, 123, '2014-04-27', 28),
(2233, 372, 235, '2009-04-19', 12),
(2234, 28, 173, '2000-12-06', 46),
(2235, 311, 248, '2001-07-15', 1),
(2236, 89, 239, '2002-09-26', 3),
(2237, 236, 2, '2008-10-26', 46),
(2238, 201, 276, '2008-10-16', 39),
(2239, 178, 187, '2010-12-03', 19),
(2240, 299, 236, '2000-09-30', 16),
(2241, 100, 98, '2006-05-07', 41),
(2242, 244, 33, '2004-07-26', 36),
(2243, 346, 12, '2001-05-18', 13),
(2244, 254, 78, '2013-06-21', 4),
(2245, 430, 200, '2001-05-20', 20),
(2246, 30, 208, '2004-07-06', 41),
(2247, 367, 188, '2012-01-17', 16),
(2248, 312, 163, '2002-05-29', 1),
(2249, 486, 109, '2013-07-06', 31),
(2250, 163, 88, '2009-03-20', 40),
(2251, 362, 209, '2011-11-01', 4),
(2252, 226, 19, '2013-07-09', 39),
(2253, 438, 201, '2012-12-20', 35),
(2254, 280, 79, '2012-01-30', 12),
(2255, 279, 245, '2014-05-05', 4),
(2256, 235, 262, '2013-11-26', 40),
(2257, 99, 115, '2006-10-14', 10),
(2258, 432, 52, '2001-08-25', 19),
(2259, 229, 129, '2010-09-11', 21),
(2260, 170, 21, '2012-10-10', 5),
(2261, 224, 115, '2007-11-17', 45),
(2262, 328, 79, '2003-02-27', 36),
(2263, 433, 112, '2008-03-05', 42),
(2264, 141, 192, '2009-11-25', 26),
(2265, 21, 173, '2012-04-10', 7),
(2266, 323, 83, '2014-09-06', 5),
(2267, 339, 85, '2005-03-06', 47),
(2268, 470, 268, '2000-04-19', 47),
(2269, 277, 242, '2009-10-30', 39),
(2270, 482, 232, '2001-07-01', 43),
(2271, 39, 110, '2000-04-23', 17),
(2272, 247, 264, '2004-02-24', 49),
(2273, 451, 251, '2013-07-15', 10),
(2274, 420, 124, '2001-09-16', 47),
(2275, 419, 258, '2009-08-13', 49),
(2276, 403, 6, '2002-02-06', 32),
(2277, 94, 126, '2013-08-29', 8),
(2278, 120, 271, '2010-05-07', 24),
(2279, 277, 108, '2014-12-12', 24),
(2280, 350, 29, '2000-03-19', 39),
(2281, 118, 269, '2011-05-12', 26),
(2282, 378, 7, '2001-08-25', 6),
(2283, 59, 38, '2010-10-08', 1),
(2284, 477, 127, '2002-04-06', 39),
(2285, 270, 149, '2007-05-12', 14),
(2286, 461, 171, '2008-06-06', 40),
(2287, 70, 208, '2006-10-21', 45),
(2288, 461, 87, '2013-01-22', 42),
(2289, 218, 241, '2007-05-25', 45),
(2290, 269, 182, '2004-06-18', 18),
(2291, 293, 146, '2004-01-09', 44),
(2292, 233, 157, '2006-12-29', 25),
(2293, 460, 166, '2004-12-25', 43),
(2294, 169, 267, '2014-11-28', 16),
(2295, 340, 49, '2014-04-28', 17),
(2296, 345, 148, '2014-01-22', 34),
(2297, 227, 183, '2006-09-22', 39),
(2298, 389, 205, '2002-03-24', 8),
(2299, 121, 93, '2012-07-25', 30),
(2300, 375, 12, '2013-03-08', 20),
(2301, 248, 124, '2007-06-29', 29),
(2302, 133, 39, '2008-09-27', 18),
(2303, 178, 252, '2008-01-16', 20),
(2304, 309, 246, '2003-08-30', 21),
(2305, 339, 76, '2002-10-15', 49),
(2306, 165, 117, '2012-04-15', 48),
(2307, 170, 197, '2012-05-04', 6),
(2308, 487, 173, '2009-01-24', 12),
(2309, 384, 165, '2012-11-26', 4),
(2310, 62, 10, '2006-09-12', 26),
(2311, 263, 280, '2010-03-28', 40),
(2312, 447, 181, '2007-01-25', 46),
(2313, 158, 181, '2006-02-10', 8),
(2314, 42, 103, '2004-02-08', 23),
(2315, 426, 8, '2013-12-08', 46),
(2316, 75, 199, '2012-02-12', 47),
(2317, 406, 150, '2005-12-14', 6),
(2318, 187, 133, '2013-02-17', 11),
(2319, 345, 174, '2007-01-01', 12),
(2320, 426, 55, '2003-11-03', 41),
(2321, 378, 118, '2013-07-03', 18),
(2322, 115, 210, '2012-06-25', 18),
(2323, 152, 4, '2009-05-07', 48),
(2324, 312, 280, '2000-04-13', 8),
(2325, 448, 171, '2005-07-30', 35),
(2326, 426, 125, '2001-08-14', 9),
(2327, 440, 247, '2014-03-20', 30),
(2328, 451, 154, '2014-08-04', 5),
(2329, 236, 204, '2003-10-02', 26),
(2330, 120, 193, '2003-11-03', 37),
(2331, 447, 58, '2014-11-29', 37),
(2332, 29, 278, '2013-01-31', 25),
(2333, 384, 27, '2000-11-20', 42),
(2334, 408, 126, '2004-11-08', 44),
(2335, 493, 257, '2014-10-08', 29),
(2336, 139, 138, '2011-07-19', 44),
(2337, 312, 7, '2003-07-24', 47),
(2338, 168, 238, '2013-02-07', 10),
(2339, 281, 72, '2004-05-02', 1),
(2340, 277, 115, '2010-04-22', 37),
(2341, 257, 9, '2012-09-09', 20),
(2342, 326, 109, '2011-03-14', 39),
(2343, 370, 48, '2005-12-10', 3),
(2344, 416, 246, '2005-12-02', 4),
(2345, 364, 136, '2007-11-15', 15),
(2346, 104, 52, '2014-07-29', 9),
(2347, 104, 226, '2009-04-27', 6),
(2348, 264, 66, '2001-07-26', 21),
(2349, 425, 83, '2008-03-30', 29),
(2350, 500, 18, '2002-10-01', 43),
(2351, 115, 231, '2011-11-14', 19),
(2352, 75, 183, '2013-11-16', 10),
(2353, 25, 228, '2005-04-29', 5),
(2354, 127, 80, '2002-01-06', 3),
(2355, 207, 278, '2010-12-07', 36),
(2356, 54, 63, '2013-02-06', 46),
(2357, 364, 37, '2009-06-24', 30),
(2358, 195, 210, '2002-07-14', 26),
(2359, 358, 154, '2004-05-12', 27),
(2360, 156, 62, '2007-10-18', 2),
(2361, 43, 56, '2003-06-28', 7),
(2362, 97, 84, '2009-08-12', 17),
(2363, 307, 19, '2009-09-06', 12),
(2364, 363, 201, '2002-03-27', 5),
(2365, 265, 275, '2002-01-03', 46),
(2366, 4, 11, '2006-08-28', 6),
(2367, 85, 106, '2014-06-09', 50),
(2368, 263, 125, '2000-11-12', 31),
(2369, 33, 63, '2006-10-28', 48),
(2370, 257, 93, '2010-04-23', 24),
(2371, 493, 51, '2000-07-26', 15),
(2372, 284, 272, '2006-03-25', 27),
(2373, 442, 270, '2002-01-01', 19),
(2374, 476, 23, '2012-10-08', 23),
(2375, 118, 67, '2007-05-20', 34),
(2376, 200, 54, '2000-09-19', 45),
(2377, 130, 148, '2006-02-05', 10),
(2378, 360, 87, '2010-05-18', 48),
(2379, 186, 37, '2008-11-22', 38),
(2380, 117, 215, '2006-12-30', 28),
(2381, 198, 88, '2012-03-16', 49),
(2382, 470, 54, '2003-04-21', 14),
(2383, 255, 190, '2005-11-24', 26),
(2384, 142, 232, '2001-10-27', 29),
(2385, 28, 147, '2008-05-30', 37),
(2386, 201, 118, '2007-07-04', 40),
(2387, 474, 63, '2004-01-01', 7),
(2388, 6, 86, '2007-08-26', 46),
(2389, 4, 201, '2004-08-09', 36),
(2390, 384, 114, '2004-02-14', 27),
(2391, 386, 266, '2003-04-07', 20),
(2392, 328, 183, '2012-01-06', 36),
(2393, 42, 258, '2014-04-04', 18),
(2394, 121, 208, '2012-08-11', 1),
(2395, 16, 231, '2007-04-04', 9),
(2396, 97, 195, '2000-08-22', 21),
(2397, 211, 19, '2014-05-06', 47),
(2398, 43, 88, '2000-07-16', 4),
(2399, 355, 43, '2014-06-29', 14),
(2400, 433, 123, '2013-09-14', 15),
(2401, 107, 265, '2010-04-29', 30),
(2402, 17, 76, '2001-01-23', 35),
(2403, 370, 62, '2011-11-30', 49),
(2404, 363, 194, '2010-03-29', 24),
(2405, 373, 49, '2012-09-14', 8),
(2406, 301, 28, '2003-11-16', 34),
(2407, 203, 17, '2005-06-18', 39),
(2408, 108, 68, '2010-10-09', 32),
(2409, 61, 214, '2002-09-04', 23),
(2410, 92, 240, '2004-08-07', 38),
(2411, 286, 259, '2001-10-12', 47),
(2412, 117, 159, '2007-08-01', 1),
(2413, 56, 168, '2008-03-18', 21),
(2414, 141, 250, '2007-01-25', 50),
(2415, 316, 80, '2001-07-25', 4),
(2416, 346, 263, '2002-10-15', 29),
(2417, 103, 87, '2011-03-28', 35),
(2418, 187, 85, '2012-05-01', 50),
(2419, 409, 187, '2006-08-24', 35),
(2420, 454, 279, '2007-12-03', 31),
(2421, 491, 175, '2010-06-04', 48),
(2422, 233, 182, '2014-01-16', 8),
(2423, 101, 8, '2013-12-11', 29),
(2424, 342, 32, '2013-04-18', 6),
(2425, 6, 80, '2007-06-21', 36),
(2426, 455, 57, '2009-11-13', 49),
(2427, 388, 90, '2012-04-14', 6),
(2428, 469, 158, '2003-01-21', 42),
(2429, 289, 180, '2006-04-04', 50),
(2430, 82, 205, '2002-03-29', 34),
(2431, 479, 98, '2008-02-27', 32),
(2432, 257, 252, '2014-07-17', 29),
(2433, 67, 134, '2001-05-18', 20),
(2434, 127, 188, '2010-11-06', 14),
(2435, 26, 159, '2002-06-03', 11),
(2436, 468, 242, '2007-11-13', 35),
(2437, 188, 225, '2002-03-04', 16),
(2438, 77, 117, '2001-05-28', 36),
(2439, 397, 132, '2014-06-24', 20),
(2440, 319, 145, '2001-04-04', 5),
(2441, 155, 49, '2009-06-11', 47),
(2442, 155, 37, '2002-06-17', 26),
(2443, 473, 6, '2007-12-18', 19),
(2444, 298, 158, '2006-12-10', 34),
(2445, 461, 270, '2010-10-23', 30),
(2446, 204, 260, '2009-08-19', 11),
(2447, 236, 8, '2002-08-31', 7),
(2448, 468, 127, '2003-08-22', 35),
(2449, 373, 259, '2003-10-21', 21),
(2450, 345, 274, '2014-11-10', 41),
(2451, 496, 2, '2014-09-21', 50),
(2452, 336, 274, '2010-11-29', 26),
(2453, 411, 12, '2012-10-20', 46),
(2454, 317, 160, '2012-04-28', 3),
(2455, 268, 182, '2013-12-23', 25),
(2456, 205, 223, '2014-06-10', 14),
(2457, 205, 228, '2000-09-08', 40),
(2458, 427, 209, '2008-09-07', 50),
(2459, 143, 217, '2011-09-11', 12),
(2460, 24, 18, '2011-04-09', 6),
(2461, 175, 237, '2003-12-26', 26),
(2462, 456, 77, '2006-12-27', 42),
(2463, 445, 181, '2002-04-21', 14),
(2464, 456, 211, '2006-11-14', 37),
(2465, 130, 163, '2007-02-08', 50),
(2466, 471, 34, '2000-02-11', 10),
(2467, 66, 266, '2003-06-25', 47),
(2468, 357, 141, '2004-03-16', 9),
(2469, 184, 33, '2009-10-21', 36),
(2470, 270, 144, '2000-02-03', 16),
(2471, 381, 155, '2000-06-09', 18),
(2472, 359, 6, '2005-12-19', 32),
(2473, 143, 153, '2008-05-12', 18),
(2474, 367, 82, '2007-08-15', 27),
(2475, 459, 138, '2012-12-06', 15),
(2476, 250, 110, '2000-06-11', 30),
(2477, 305, 211, '2008-06-16', 46),
(2478, 440, 149, '2003-12-19', 3),
(2479, 70, 114, '2001-10-27', 32),
(2480, 443, 74, '2008-01-10', 29),
(2481, 375, 204, '2004-07-18', 26),
(2482, 426, 25, '2007-07-30', 14),
(2483, 409, 99, '2001-11-28', 37),
(2484, 417, 252, '2010-10-20', 35),
(2485, 350, 261, '2004-03-04', 33),
(2486, 286, 193, '2002-05-13', 26),
(2487, 445, 145, '2012-10-04', 12),
(2488, 2, 4, '2004-02-08', 23),
(2489, 339, 272, '2010-07-23', 9),
(2490, 313, 249, '2008-03-08', 8),
(2491, 33, 87, '2000-06-28', 30),
(2492, 198, 222, '2012-01-13', 9),
(2493, 130, 5, '2002-06-25', 35),
(2494, 443, 211, '2011-08-14', 21),
(2495, 429, 276, '2008-09-24', 35),
(2496, 276, 13, '2013-05-27', 44),
(2497, 271, 141, '2005-10-21', 7),
(2498, 365, 99, '2013-04-05', 38),
(2499, 473, 68, '2008-02-20', 39),
(2500, 224, 240, '2008-12-06', 35),
(2501, 119, 89, '2013-01-07', 19),
(2502, 78, 85, '2012-09-30', 3),
(2503, 140, 139, '2013-01-29', 48),
(2504, 466, 225, '2011-07-04', 43),
(2505, 56, 103, '2008-11-11', 28),
(2506, 87, 172, '2001-12-11', 46),
(2507, 112, 209, '2003-05-15', 26),
(2508, 135, 130, '2010-12-18', 27),
(2509, 210, 150, '2005-10-29', 32),
(2510, 314, 142, '2001-05-30', 16),
(2511, 158, 16, '2014-05-28', 25),
(2512, 164, 62, '2012-05-19', 50),
(2513, 135, 75, '2008-03-18', 28),
(2514, 431, 53, '2004-08-22', 32),
(2515, 218, 196, '2006-04-23', 4),
(2516, 33, 100, '2007-09-04', 17),
(2517, 260, 259, '2007-05-18', 14),
(2518, 8, 45, '2009-10-18', 1),
(2519, 128, 276, '2013-05-28', 11),
(2520, 187, 193, '2000-01-01', 17),
(2521, 59, 229, '2010-11-04', 23),
(2522, 293, 23, '2007-11-21', 25),
(2523, 41, 107, '2000-11-09', 41),
(2524, 47, 107, '2009-12-14', 2),
(2525, 429, 211, '2002-10-22', 14),
(2526, 292, 117, '2010-11-24', 9),
(2527, 117, 215, '2009-02-18', 25),
(2528, 255, 219, '2008-04-11', 16),
(2529, 241, 82, '2006-10-29', 43),
(2530, 71, 123, '2008-11-10', 13),
(2531, 201, 19, '2011-08-29', 29),
(2532, 194, 187, '2005-03-07', 42),
(2533, 304, 148, '2008-01-18', 46),
(2534, 424, 254, '2007-04-25', 17),
(2535, 135, 51, '2007-10-17', 30),
(2536, 182, 175, '2002-08-21', 4),
(2537, 136, 16, '2013-04-21', 1),
(2538, 4, 82, '2011-05-12', 19),
(2539, 337, 264, '2009-04-07', 4),
(2540, 408, 127, '2000-12-07', 22),
(2541, 54, 91, '2002-12-02', 33),
(2542, 350, 203, '2002-04-29', 4),
(2543, 125, 63, '2006-02-18', 6),
(2544, 366, 238, '2005-11-20', 27),
(2545, 203, 24, '2010-10-20', 28),
(2546, 83, 172, '2007-04-03', 34),
(2547, 460, 155, '2000-09-06', 12),
(2548, 92, 112, '2010-09-03', 20),
(2549, 182, 145, '2000-09-25', 3),
(2550, 442, 85, '2014-11-21', 15),
(2551, 370, 270, '2011-06-24', 34),
(2552, 490, 267, '2002-06-29', 49),
(2553, 354, 31, '2004-01-10', 30),
(2554, 72, 181, '2005-03-28', 10),
(2555, 441, 68, '2013-07-07', 2),
(2556, 85, 279, '2006-10-27', 14),
(2557, 90, 182, '2003-07-12', 49),
(2558, 68, 130, '2012-09-14', 17),
(2559, 232, 111, '2000-01-02', 5),
(2560, 431, 235, '2009-01-16', 34),
(2561, 487, 217, '2004-07-01', 25),
(2562, 142, 37, '2010-02-09', 33),
(2563, 163, 119, '2007-07-19', 28),
(2564, 166, 155, '2013-04-04', 16),
(2565, 444, 124, '2009-04-11', 38),
(2566, 148, 205, '2000-02-10', 28),
(2567, 397, 151, '2013-05-28', 48),
(2568, 352, 193, '2006-11-27', 30),
(2569, 312, 162, '2012-08-15', 31),
(2570, 246, 60, '2013-05-20', 30),
(2571, 458, 27, '2009-11-12', 1),
(2572, 312, 74, '2007-07-30', 30),
(2573, 460, 21, '2010-12-31', 5),
(2574, 207, 89, '2004-02-18', 49),
(2575, 23, 43, '2014-11-27', 17),
(2576, 12, 273, '2004-05-09', 46),
(2577, 365, 162, '2014-03-23', 25),
(2578, 231, 266, '2013-02-14', 39),
(2579, 402, 167, '2001-01-20', 37),
(2580, 404, 250, '2012-02-13', 13),
(2581, 401, 108, '2008-07-17', 22),
(2582, 437, 165, '2002-07-10', 8),
(2583, 14, 60, '2009-04-02', 20),
(2584, 487, 270, '2009-05-27', 38),
(2585, 217, 273, '2003-02-05', 28),
(2586, 462, 89, '2010-07-25', 25),
(2587, 383, 181, '2011-06-24', 22),
(2588, 361, 5, '2008-07-15', 8),
(2589, 98, 69, '2011-07-04', 42),
(2590, 236, 39, '2011-03-25', 46),
(2591, 340, 157, '2002-12-20', 39),
(2592, 5, 111, '2013-06-11', 46),
(2593, 344, 241, '2007-02-04', 13),
(2594, 319, 96, '2010-03-24', 24),
(2595, 380, 10, '2009-03-28', 5),
(2596, 145, 162, '2008-09-22', 37),
(2597, 461, 164, '2008-08-05', 44),
(2598, 194, 255, '2009-01-13', 7),
(2599, 275, 16, '2014-12-19', 40),
(2600, 424, 180, '2007-09-04', 48),
(2601, 288, 221, '2003-07-31', 35),
(2602, 405, 186, '2003-09-13', 29),
(2603, 183, 199, '2011-05-16', 24),
(2604, 198, 169, '2014-06-04', 17),
(2605, 343, 86, '2002-01-13', 17),
(2606, 482, 191, '2006-06-09', 10),
(2607, 297, 7, '2007-06-29', 15),
(2608, 435, 259, '2014-07-26', 20),
(2609, 376, 257, '2000-05-14', 29),
(2610, 250, 261, '2003-05-23', 11),
(2611, 147, 197, '2000-05-07', 30),
(2612, 300, 90, '2002-11-21', 5),
(2613, 204, 57, '2008-09-07', 28),
(2614, 473, 273, '2000-08-13', 47),
(2615, 397, 169, '2004-04-11', 39),
(2616, 383, 139, '2001-09-13', 50),
(2617, 5, 106, '2011-07-03', 10),
(2618, 310, 87, '2008-11-02', 10),
(2619, 145, 46, '2007-11-03', 19),
(2620, 420, 111, '2004-08-31', 30),
(2621, 6, 143, '2001-11-07', 9),
(2622, 134, 249, '2000-01-10', 37),
(2623, 321, 144, '2001-01-25', 19),
(2624, 81, 258, '2006-02-13', 13),
(2625, 197, 58, '2008-04-24', 14),
(2626, 411, 42, '2006-07-27', 35),
(2627, 465, 245, '2003-10-21', 16),
(2628, 72, 2, '2010-08-28', 12),
(2629, 150, 68, '2014-07-30', 29),
(2630, 131, 269, '2014-06-27', 18),
(2631, 298, 8, '2003-10-25', 23),
(2632, 215, 29, '2003-12-09', 14),
(2633, 168, 64, '2012-10-06', 5),
(2634, 21, 119, '2012-06-01', 49),
(2635, 107, 274, '2012-10-10', 14),
(2636, 290, 36, '2010-10-18', 12),
(2637, 313, 73, '2011-03-09', 36),
(2638, 202, 213, '2005-01-22', 40),
(2639, 397, 216, '2000-01-08', 47),
(2640, 393, 211, '2005-10-10', 48),
(2641, 104, 188, '2003-06-19', 37),
(2642, 156, 232, '2000-07-31', 27),
(2643, 285, 208, '2000-12-18', 27),
(2644, 335, 29, '2011-04-26', 50),
(2645, 210, 68, '2009-07-15', 47),
(2646, 184, 106, '2003-09-30', 15),
(2647, 481, 144, '2007-09-11', 34),
(2648, 389, 33, '2004-02-04', 1),
(2649, 301, 204, '2002-03-03', 26),
(2650, 64, 181, '2004-02-03', 2),
(2651, 485, 41, '2002-03-17', 49),
(2652, 220, 204, '2006-01-20', 44),
(2653, 16, 79, '2011-11-05', 7),
(2654, 2, 125, '2002-11-26', 2),
(2655, 131, 46, '2006-01-10', 15),
(2656, 357, 63, '2010-03-09', 46),
(2657, 488, 128, '2008-12-19', 15),
(2658, 218, 58, '2007-11-14', 44),
(2659, 241, 88, '2003-09-05', 2),
(2660, 2, 65, '2007-08-19', 47),
(2661, 196, 99, '2006-04-09', 27),
(2662, 335, 232, '2006-02-25', 44),
(2663, 441, 71, '2005-07-01', 41),
(2664, 118, 257, '2008-04-18', 21),
(2665, 161, 174, '2003-10-24', 30),
(2666, 201, 256, '2013-10-18', 34),
(2667, 162, 50, '2014-10-01', 12),
(2668, 138, 139, '2012-06-23', 39),
(2669, 91, 245, '2013-09-09', 12),
(2670, 284, 115, '2008-01-23', 38),
(2671, 491, 221, '2000-06-04', 48),
(2672, 420, 71, '2013-04-25', 22),
(2673, 308, 110, '2000-01-04', 3),
(2674, 499, 36, '2011-09-21', 13),
(2675, 492, 139, '2000-07-23', 25),
(2676, 444, 67, '2013-01-30', 23),
(2677, 485, 108, '2006-11-28', 13),
(2678, 191, 2, '2010-09-21', 3),
(2679, 131, 45, '2012-06-08', 48),
(2680, 33, 223, '2001-12-22', 33),
(2681, 409, 242, '2007-09-12', 50),
(2682, 179, 262, '2000-07-02', 2),
(2683, 457, 197, '2006-11-16', 47),
(2684, 262, 201, '2006-03-20', 11),
(2685, 489, 236, '2009-03-04', 44),
(2686, 89, 219, '2001-07-08', 50),
(2687, 273, 277, '2008-08-25', 1),
(2688, 103, 246, '2013-04-08', 1),
(2689, 14, 112, '2006-03-22', 3),
(2690, 296, 279, '2011-07-14', 18),
(2691, 314, 163, '2010-10-05', 26),
(2692, 23, 33, '2001-02-24', 21),
(2693, 479, 91, '2008-11-06', 45),
(2694, 216, 270, '2001-03-16', 38),
(2695, 201, 170, '2006-09-10', 21),
(2696, 138, 254, '2000-01-28', 34),
(2697, 333, 155, '2009-12-06', 18),
(2698, 12, 232, '2000-02-10', 42),
(2699, 326, 12, '2011-07-27', 35),
(2700, 290, 116, '2014-12-20', 24),
(2701, 285, 114, '2014-01-10', 21),
(2702, 460, 13, '2006-12-27', 47),
(2703, 322, 41, '2003-09-09', 16),
(2704, 192, 111, '2003-04-30', 18),
(2705, 487, 265, '2008-07-19', 41),
(2706, 25, 236, '2012-10-12', 24),
(2707, 391, 141, '2004-04-14', 9),
(2708, 89, 146, '2001-02-08', 47),
(2709, 259, 259, '2002-05-17', 8),
(2710, 44, 114, '2003-07-12', 10),
(2711, 309, 71, '2003-03-30', 13),
(2712, 361, 12, '2010-12-22', 26),
(2713, 107, 118, '2002-06-29', 46),
(2714, 70, 55, '2003-09-13', 29),
(2715, 1, 206, '2003-03-06', 44),
(2716, 228, 175, '2013-10-08', 30),
(2717, 97, 75, '2004-04-05', 1),
(2718, 49, 196, '2006-01-19', 21),
(2719, 63, 85, '2009-01-07', 16),
(2720, 296, 120, '2010-11-25', 29),
(2721, 110, 169, '2002-10-21', 30),
(2722, 439, 169, '2002-04-14', 6),
(2723, 361, 5, '2003-12-11', 32),
(2724, 26, 129, '2007-06-06', 27),
(2725, 22, 129, '2014-10-07', 28),
(2726, 370, 97, '2008-10-16', 19),
(2727, 410, 19, '2009-08-31', 13),
(2728, 282, 12, '2006-12-13', 24),
(2729, 42, 112, '2014-08-03', 40),
(2730, 38, 76, '2011-05-04', 48),
(2731, 82, 227, '2012-11-15', 4),
(2732, 156, 209, '2011-11-17', 41),
(2733, 30, 46, '2010-04-16', 13),
(2734, 409, 104, '2006-05-08', 31),
(2735, 280, 163, '2002-02-13', 45),
(2736, 446, 166, '2014-03-10', 50),
(2737, 295, 194, '2010-01-16', 2),
(2738, 406, 208, '2013-11-14', 48),
(2739, 356, 229, '2002-07-26', 45),
(2740, 39, 122, '2004-03-24', 4),
(2741, 31, 246, '2000-07-24', 8),
(2742, 76, 216, '2001-01-09', 34),
(2743, 12, 251, '2010-04-18', 37),
(2744, 390, 111, '2007-01-11', 14),
(2745, 495, 60, '2010-01-12', 50),
(2746, 192, 233, '2009-10-21', 24),
(2747, 120, 11, '2003-12-10', 48),
(2748, 75, 58, '2000-11-12', 12),
(2749, 249, 130, '2007-05-18', 9),
(2750, 86, 91, '2005-11-18', 46),
(2751, 324, 215, '2005-12-26', 22),
(2752, 100, 240, '2000-09-27', 18),
(2753, 423, 279, '2012-02-03', 10),
(2754, 105, 34, '2005-10-31', 25),
(2755, 459, 112, '2014-11-10', 20),
(2756, 330, 7, '2014-05-17', 32),
(2757, 301, 213, '2004-09-17', 27),
(2758, 121, 162, '2005-01-26', 22),
(2759, 281, 154, '2003-02-17', 34),
(2760, 331, 98, '2014-06-14', 9),
(2761, 453, 150, '2012-10-01', 25),
(2762, 493, 166, '2003-03-12', 42),
(2763, 486, 99, '2006-07-04', 49),
(2764, 316, 59, '2008-07-04', 37),
(2765, 66, 162, '2008-04-19', 48),
(2766, 301, 6, '2007-07-08', 13),
(2767, 144, 99, '2007-01-28', 35),
(2768, 260, 95, '2000-05-12', 26),
(2769, 309, 151, '2013-07-02', 48),
(2770, 194, 222, '2000-07-29', 39),
(2771, 463, 207, '2014-05-26', 17),
(2772, 290, 85, '2003-10-17', 3),
(2773, 99, 238, '2012-01-05', 18),
(2774, 495, 100, '2011-09-05', 17),
(2775, 191, 202, '2014-06-04', 28),
(2776, 389, 180, '2010-07-05', 42),
(2777, 448, 201, '2013-03-27', 28),
(2778, 427, 255, '2001-12-30', 28),
(2779, 33, 117, '2003-07-12', 32),
(2780, 417, 107, '2006-04-06', 1),
(2781, 241, 209, '2000-03-19', 31),
(2782, 307, 114, '2014-02-06', 10),
(2783, 281, 173, '2009-04-09', 6),
(2784, 156, 59, '2006-01-20', 35),
(2785, 455, 214, '2002-12-01', 22),
(2786, 133, 237, '2000-02-09', 49),
(2787, 494, 225, '2009-04-06', 10),
(2788, 57, 114, '2010-12-23', 23),
(2789, 46, 139, '2012-11-05', 2),
(2790, 166, 62, '2010-04-03', 3),
(2791, 46, 279, '2005-08-04', 45),
(2792, 408, 47, '2005-06-19', 39),
(2793, 303, 122, '2002-09-16', 21),
(2794, 479, 38, '2003-03-30', 42),
(2795, 163, 127, '2002-11-11', 24),
(2796, 102, 260, '2009-01-06', 41),
(2797, 172, 67, '2013-09-22', 14),
(2798, 378, 233, '2009-07-06', 15),
(2799, 414, 218, '2005-09-30', 26),
(2800, 252, 11, '2001-02-02', 18),
(2801, 184, 84, '2010-04-21', 35),
(2802, 65, 139, '2002-09-21', 18),
(2803, 453, 23, '2005-03-14', 8),
(2804, 366, 33, '2005-01-23', 30),
(2805, 245, 185, '2007-08-08', 8),
(2806, 54, 175, '2004-10-03', 37),
(2807, 243, 212, '2014-06-25', 29),
(2808, 123, 240, '2003-03-05', 34),
(2809, 459, 216, '2003-04-10', 47),
(2810, 466, 147, '2011-11-29', 45),
(2811, 489, 262, '2001-04-25', 3),
(2812, 44, 41, '2005-12-08', 7),
(2813, 346, 5, '2005-05-09', 26),
(2814, 428, 259, '2001-05-11', 5),
(2815, 307, 17, '2005-08-19', 28),
(2816, 15, 245, '2012-09-26', 43),
(2817, 185, 220, '2007-10-16', 2),
(2818, 33, 211, '2011-02-15', 35),
(2819, 488, 103, '2008-10-01', 31),
(2820, 383, 100, '2004-03-10', 27),
(2821, 106, 70, '2003-01-21', 8),
(2822, 297, 210, '2011-04-06', 44),
(2823, 329, 209, '2005-07-21', 27),
(2824, 313, 123, '2007-11-03', 38),
(2825, 486, 78, '2007-06-09', 24),
(2826, 303, 147, '2007-04-20', 46),
(2827, 152, 54, '2005-01-31', 20),
(2828, 413, 231, '2014-03-25', 16),
(2829, 77, 191, '2005-08-19', 43),
(2830, 140, 95, '2014-06-04', 49),
(2831, 272, 9, '2011-12-21', 16),
(2832, 254, 37, '2013-08-02', 10),
(2833, 499, 260, '2002-08-25', 43),
(2834, 37, 73, '2014-03-02', 19),
(2835, 442, 110, '2002-03-03', 40),
(2836, 385, 40, '2002-06-18', 47),
(2837, 112, 181, '2008-11-25', 36),
(2838, 33, 54, '2014-04-15', 37),
(2839, 305, 216, '2001-01-25', 25),
(2840, 438, 170, '2000-04-09', 28),
(2841, 324, 88, '2001-12-04', 2),
(2842, 312, 138, '2005-02-11', 28),
(2843, 131, 263, '2006-07-30', 6),
(2844, 79, 276, '2006-01-21', 7),
(2845, 457, 123, '2001-08-23', 15),
(2846, 367, 94, '2009-03-04', 13),
(2847, 210, 264, '2010-11-03', 12),
(2848, 309, 110, '2013-03-24', 26),
(2849, 475, 132, '2006-10-06', 34),
(2850, 427, 209, '2006-05-19', 17),
(2851, 440, 239, '2001-05-09', 47),
(2852, 415, 58, '2005-11-02', 23),
(2853, 369, 192, '2006-02-15', 24),
(2854, 13, 253, '2006-12-04', 1),
(2855, 68, 142, '2005-08-13', 43),
(2856, 281, 264, '2006-08-28', 7),
(2857, 441, 235, '2000-08-22', 23),
(2858, 438, 111, '2004-08-08', 19),
(2859, 262, 130, '2014-04-25', 4),
(2860, 212, 27, '2000-04-18', 39),
(2861, 492, 151, '2005-03-05', 14),
(2862, 421, 40, '2012-08-01', 24),
(2863, 38, 49, '2007-01-22', 24),
(2864, 433, 243, '2010-05-10', 8),
(2865, 20, 235, '2013-01-25', 48),
(2866, 363, 83, '2000-08-17', 4),
(2867, 162, 103, '2003-10-27', 26),
(2868, 161, 277, '2013-07-05', 15),
(2869, 340, 216, '2007-11-07', 7),
(2870, 78, 150, '2009-11-05', 14),
(2871, 57, 51, '2010-07-18', 8),
(2872, 460, 144, '2008-07-20', 9),
(2873, 412, 75, '2001-11-11', 21),
(2874, 389, 184, '2000-03-30', 34),
(2875, 442, 11, '2010-11-22', 43),
(2876, 334, 99, '2011-08-13', 18),
(2877, 296, 83, '2013-03-07', 43),
(2878, 359, 183, '2006-11-10', 37),
(2879, 388, 143, '2001-04-27', 50),
(2880, 309, 240, '2001-10-09', 7),
(2881, 244, 235, '2003-06-22', 5),
(2882, 222, 46, '2006-03-19', 28),
(2883, 49, 241, '2014-12-08', 40),
(2884, 353, 109, '2003-01-23', 26),
(2885, 480, 11, '2013-12-19', 26),
(2886, 169, 162, '2004-05-20', 4),
(2887, 439, 120, '2014-12-19', 18),
(2888, 136, 59, '2011-01-17', 20),
(2889, 384, 48, '2000-10-17', 37),
(2890, 148, 58, '2003-05-13', 4),
(2891, 18, 57, '2009-10-21', 50),
(2892, 339, 238, '2009-12-05', 35),
(2893, 36, 115, '2011-12-22', 10),
(2894, 462, 43, '2009-07-10', 24),
(2895, 472, 25, '2005-10-30', 18),
(2896, 8, 134, '2004-07-17', 1),
(2897, 65, 50, '2001-04-15', 24),
(2898, 311, 230, '2010-05-13', 12),
(2899, 314, 15, '2013-12-06', 11),
(2900, 34, 28, '2010-04-06', 33),
(2901, 22, 14, '2006-09-20', 24),
(2902, 209, 18, '2005-09-07', 35),
(2903, 441, 15, '2002-08-23', 17),
(2904, 183, 244, '2010-01-28', 9),
(2905, 108, 55, '2007-12-05', 22),
(2906, 335, 29, '2009-04-13', 19),
(2907, 110, 227, '2000-04-25', 44),
(2908, 251, 161, '2003-03-21', 50),
(2909, 484, 22, '2003-10-20', 50),
(2910, 12, 223, '2003-06-15', 32),
(2911, 364, 146, '2009-08-20', 45),
(2912, 334, 226, '2013-06-04', 25),
(2913, 268, 140, '2012-02-13', 4),
(2914, 262, 136, '2006-12-30', 36),
(2915, 58, 30, '2010-04-19', 3),
(2916, 279, 208, '2011-11-24', 43),
(2917, 278, 66, '2006-10-01', 4),
(2918, 15, 199, '2011-09-17', 49),
(2919, 188, 218, '2005-07-15', 46),
(2920, 42, 221, '2014-08-23', 9),
(2921, 452, 52, '2005-11-01', 19),
(2922, 173, 63, '2005-09-02', 49),
(2923, 133, 164, '2014-03-16', 28),
(2924, 62, 36, '2002-02-28', 38),
(2925, 120, 167, '2013-05-31', 36),
(2926, 348, 114, '2004-08-27', 26),
(2927, 94, 206, '2006-07-01', 36),
(2928, 408, 209, '2014-07-25', 12),
(2929, 238, 154, '2003-04-04', 2),
(2930, 433, 59, '2010-10-12', 18),
(2931, 253, 230, '2003-09-21', 9),
(2932, 68, 1, '2005-01-05', 21),
(2933, 4, 139, '2014-09-04', 21),
(2934, 60, 134, '2013-08-04', 31),
(2935, 254, 77, '2004-09-16', 46),
(2936, 358, 120, '2013-12-18', 30),
(2937, 181, 180, '2001-10-29', 39),
(2938, 404, 161, '2010-03-25', 14),
(2939, 393, 51, '2008-06-27', 1),
(2940, 190, 206, '2010-04-26', 12),
(2941, 178, 143, '2007-08-05', 17),
(2942, 50, 244, '2008-01-31', 2),
(2943, 303, 152, '2011-07-25', 33),
(2944, 439, 100, '2003-07-20', 24),
(2945, 286, 107, '2012-01-24', 27),
(2946, 368, 154, '2005-03-06', 49),
(2947, 228, 136, '2005-05-23', 30),
(2948, 256, 276, '2010-05-29', 15),
(2949, 17, 112, '2006-07-28', 23),
(2950, 324, 259, '2008-09-28', 7),
(2951, 276, 121, '2011-02-07', 25),
(2952, 240, 93, '2003-12-07', 32),
(2953, 353, 114, '2000-10-23', 47),
(2954, 159, 145, '2007-05-03', 45),
(2955, 125, 204, '2010-03-02', 14),
(2956, 66, 259, '2004-10-19', 15),
(2957, 237, 131, '2006-08-05', 31),
(2958, 171, 64, '2002-04-21', 16),
(2959, 130, 203, '2008-01-12', 14),
(2960, 222, 25, '2014-04-04', 34),
(2961, 85, 50, '2003-01-07', 37),
(2962, 238, 165, '2006-04-13', 9),
(2963, 246, 75, '2012-07-21', 35),
(2964, 177, 172, '2006-07-17', 36),
(2965, 500, 134, '2013-10-16', 29),
(2966, 40, 273, '2014-01-28', 41),
(2967, 97, 171, '2005-09-04', 2),
(2968, 355, 6, '2011-02-24', 39),
(2969, 190, 236, '2006-11-14', 35),
(2970, 199, 8, '2008-01-13', 25),
(2971, 323, 139, '2005-06-06', 2),
(2972, 300, 194, '2013-12-28', 9),
(2973, 264, 51, '2001-06-21', 50),
(2974, 423, 25, '2004-02-26', 28),
(2975, 306, 58, '2012-02-27', 43),
(2976, 370, 194, '2010-03-15', 37),
(2977, 23, 119, '2013-11-17', 40),
(2978, 240, 200, '2010-07-18', 21),
(2979, 481, 254, '2005-08-20', 15),
(2980, 455, 152, '2006-12-07', 35),
(2981, 441, 98, '2008-07-01', 27),
(2982, 65, 95, '2012-11-10', 22),
(2983, 267, 278, '2003-08-17', 18),
(2984, 3, 136, '2000-11-03', 27),
(2985, 52, 204, '2004-07-10', 44),
(2986, 455, 126, '2003-01-01', 37),
(2987, 401, 179, '2001-01-02', 36),
(2988, 219, 246, '2014-05-15', 11),
(2989, 292, 74, '2002-09-14', 44),
(2990, 167, 136, '2014-04-11', 16),
(2991, 162, 271, '2013-06-03', 39),
(2992, 368, 8, '2007-01-30', 16),
(2993, 256, 24, '2000-10-18', 24),
(2994, 338, 51, '2009-07-08', 4),
(2995, 85, 148, '2001-10-20', 49),
(2996, 218, 34, '2001-11-26', 12),
(2997, 437, 49, '2009-07-07', 29),
(2998, 221, 278, '2010-02-23', 17),
(2999, 281, 12, '2010-12-13', 24),
(3000, 62, 2, '2013-03-27', 8),
(3001, 152, 103, '2008-09-20', 49),
(3002, 476, 160, '2004-05-07', 7),
(3003, 247, 39, '2014-11-04', 11),
(3004, 24, 33, '2001-09-03', 20),
(3005, 307, 78, '2003-08-08', 9),
(3006, 420, 269, '2007-12-15', 30),
(3007, 119, 18, '2011-12-30', 34),
(3008, 350, 94, '2002-09-27', 5),
(3009, 393, 274, '2002-06-03', 20),
(3010, 487, 114, '2002-08-21', 22),
(3011, 34, 178, '2011-11-16', 48),
(3012, 403, 263, '2012-01-23', 16),
(3013, 346, 235, '2014-07-29', 27),
(3014, 226, 241, '2001-09-21', 41),
(3015, 342, 39, '2005-06-16', 25),
(3016, 63, 5, '2013-06-22', 35),
(3017, 246, 60, '2006-05-24', 1),
(3018, 176, 245, '2003-07-16', 8),
(3019, 136, 245, '2010-11-21', 12),
(3020, 249, 274, '2001-10-13', 27),
(3021, 474, 187, '2013-02-10', 9),
(3022, 20, 141, '2006-04-15', 38),
(3023, 345, 36, '2005-08-29', 11),
(3024, 362, 108, '2002-07-20', 9),
(3025, 380, 237, '2004-07-22', 46),
(3026, 492, 15, '2006-04-19', 49),
(3027, 189, 120, '2004-07-25', 48),
(3028, 76, 104, '2011-05-01', 40),
(3029, 468, 251, '2009-10-21', 8),
(3030, 455, 6, '2008-12-16', 19),
(3031, 237, 21, '2011-08-11', 5),
(3032, 160, 229, '2012-06-25', 23),
(3033, 169, 82, '2015-12-15', 38),
(3034, 374, 66, '2003-11-28', 12),
(3035, 38, 35, '2003-03-03', 28),
(3036, 209, 171, '2007-09-16', 7),
(3037, 2, 36, '2006-09-16', 26);
INSERT INTO `purchases` (`purchase_ID`, `customer_ID`, `wine_ID`, `date_of_purchase`, `amount_of_purchase`) VALUES
(3038, 426, 41, '2012-03-09', 21),
(3039, 165, 236, '2008-09-13', 24),
(3040, 478, 208, '2004-03-05', 6),
(3041, 259, 256, '2001-08-16', 40),
(3042, 496, 186, '2015-04-01', 49),
(3043, 297, 30, '2013-03-25', 46),
(3044, 56, 240, '2009-08-05', 19),
(3045, 401, 104, '2008-10-07', 5),
(3046, 43, 92, '2013-11-27', 47),
(3047, 26, 131, '2012-10-24', 48),
(3048, 32, 21, '2001-09-09', 6),
(3049, 333, 269, '2005-10-14', 35),
(3050, 407, 82, '2006-10-25', 20),
(3051, 262, 78, '2004-04-01', 30),
(3052, 132, 156, '2010-08-19', 23),
(3053, 403, 194, '2003-10-04', 41),
(3054, 291, 264, '2005-08-30', 2),
(3055, 251, 200, '2009-09-13', 19),
(3056, 492, 33, '2003-11-23', 45),
(3057, 84, 195, '2001-09-01', 34),
(3058, 288, 245, '2003-12-18', 17),
(3059, 354, 200, '2004-02-10', 41),
(3060, 484, 31, '2012-01-03', 30),
(3061, 217, 62, '2013-07-10', 31),
(3062, 331, 110, '2003-02-06', 7),
(3063, 398, 229, '2007-12-12', 6),
(3064, 193, 246, '2012-07-08', 2),
(3065, 339, 95, '2014-02-08', 23),
(3066, 147, 149, '2007-02-26', 47),
(3067, 498, 244, '2015-08-19', 4),
(3068, 494, 24, '2009-11-01', 28),
(3069, 412, 62, '2013-09-25', 7),
(3070, 129, 227, '2014-05-07', 24),
(3071, 448, 220, '2012-01-28', 17),
(3072, 309, 215, '2010-12-04', 29),
(3073, 116, 57, '2002-10-24', 17),
(3074, 182, 207, '2007-10-26', 19),
(3075, 81, 46, '2002-07-12', 21),
(3076, 94, 237, '2015-10-25', 7),
(3077, 439, 167, '2015-12-26', 10),
(3078, 397, 146, '2011-02-20', 26),
(3079, 455, 122, '2012-06-24', 15),
(3080, 387, 111, '2008-08-19', 12),
(3081, 495, 279, '2012-09-04', 2),
(3082, 397, 272, '2004-09-15', 48),
(3083, 41, 10, '2012-09-13', 20),
(3084, 137, 136, '2007-01-14', 42),
(3085, 374, 181, '2004-12-02', 9),
(3086, 109, 71, '2010-09-22', 35),
(3087, 269, 237, '2010-02-20', 3),
(3088, 477, 76, '2002-05-05', 29),
(3089, 170, 36, '2008-04-04', 32),
(3090, 469, 164, '2005-09-09', 1),
(3091, 334, 112, '2006-05-21', 28),
(3092, 319, 97, '2011-03-28', 26),
(3093, 57, 52, '2009-09-27', 32),
(3094, 130, 238, '2003-09-13', 23),
(3095, 354, 102, '2003-02-20', 18),
(3096, 422, 100, '2002-08-10', 4),
(3097, 172, 7, '2006-08-27', 26),
(3098, 32, 258, '2012-03-29', 5),
(3099, 177, 172, '2010-07-16', 16),
(3100, 282, 278, '2013-11-10', 48),
(3101, 75, 29, '2014-12-23', 38),
(3102, 91, 237, '2004-10-05', 16),
(3103, 26, 38, '2014-04-24', 26),
(3104, 52, 192, '2005-02-12', 5),
(3105, 167, 144, '2012-02-18', 38),
(3106, 431, 69, '2010-03-21', 35),
(3107, 333, 38, '2007-09-12', 7),
(3108, 253, 273, '2011-01-18', 28),
(3109, 136, 234, '2010-09-07', 12),
(3110, 54, 254, '2010-02-28', 44),
(3111, 296, 269, '2001-12-17', 17),
(3112, 404, 150, '2014-04-26', 5),
(3113, 301, 163, '2002-03-16', 3),
(3114, 70, 62, '2001-09-27', 14),
(3115, 22, 178, '2001-05-19', 39),
(3116, 355, 264, '2010-10-07', 40),
(3117, 163, 248, '2010-07-22', 36),
(3118, 488, 6, '2015-02-22', 30),
(3119, 470, 188, '2001-11-21', 33),
(3120, 339, 157, '2011-01-31', 25),
(3121, 344, 250, '2004-12-16', 13),
(3122, 374, 235, '2005-01-08', 3),
(3123, 14, 177, '2013-05-08', 39),
(3124, 211, 39, '2015-10-13', 7),
(3125, 238, 165, '2011-11-08', 21),
(3126, 462, 175, '2005-12-09', 48),
(3127, 325, 215, '2015-07-10', 42),
(3128, 358, 47, '2011-01-05', 50),
(3129, 17, 44, '2012-11-23', 48),
(3130, 53, 88, '2013-09-04', 4),
(3131, 292, 80, '2008-12-03', 26),
(3132, 126, 110, '2003-08-16', 5),
(3133, 23, 20, '2008-11-05', 22),
(3134, 49, 20, '2010-01-09', 31),
(3135, 494, 244, '2008-01-08', 23),
(3136, 48, 271, '2015-01-18', 11),
(3137, 5, 155, '2007-02-01', 22),
(3138, 498, 44, '2001-01-15', 47),
(3139, 253, 135, '2012-07-03', 30),
(3140, 372, 201, '2007-02-09', 8),
(3141, 135, 12, '2014-09-10', 30),
(3142, 85, 143, '2015-10-31', 38),
(3143, 102, 150, '2007-08-15', 33),
(3144, 405, 40, '2007-08-05', 19),
(3145, 228, 137, '2011-09-21', 24),
(3146, 425, 227, '2010-12-30', 20),
(3147, 394, 173, '2009-01-07', 29),
(3148, 1, 121, '2008-11-14', 31),
(3149, 317, 116, '2012-12-01', 17),
(3150, 389, 249, '2009-02-14', 45),
(3151, 419, 42, '2007-05-08', 20),
(3152, 311, 272, '2007-06-23', 36),
(3153, 80, 76, '2004-10-08', 50),
(3154, 29, 265, '2013-05-17', 50),
(3155, 490, 8, '2002-10-25', 22),
(3156, 435, 217, '2005-07-04', 36),
(3157, 131, 250, '2010-09-23', 29),
(3158, 390, 142, '2002-05-02', 20),
(3159, 229, 240, '2001-10-05', 4),
(3160, 378, 73, '2015-11-18', 27),
(3161, 335, 227, '2005-05-27', 48),
(3162, 262, 8, '2014-09-05', 27),
(3163, 136, 268, '2006-06-19', 12),
(3164, 252, 201, '2001-05-09', 5),
(3165, 333, 208, '2003-03-15', 16),
(3166, 445, 178, '2010-05-22', 16),
(3167, 500, 190, '2007-03-06', 27),
(3168, 301, 7, '2006-01-31', 46),
(3169, 496, 148, '2006-07-04', 11),
(3170, 221, 203, '2012-01-16', 32),
(3171, 356, 22, '2001-11-28', 33),
(3172, 485, 248, '2008-03-14', 15),
(3173, 133, 102, '2003-10-06', 30),
(3174, 242, 173, '2012-05-13', 40),
(3175, 116, 93, '2001-03-27', 8),
(3176, 10, 133, '2004-01-21', 9),
(3177, 386, 160, '2012-05-23', 28),
(3178, 365, 110, '2014-02-22', 39),
(3179, 457, 207, '2015-10-22', 7),
(3180, 76, 80, '2001-03-17', 20),
(3181, 7, 144, '2004-11-06', 38),
(3182, 147, 174, '2009-07-13', 24),
(3183, 472, 207, '2012-03-28', 44),
(3184, 252, 170, '2002-07-17', 14),
(3185, 268, 170, '2001-12-17', 47),
(3186, 17, 60, '2006-07-10', 19),
(3187, 362, 275, '2001-10-31', 25),
(3188, 371, 186, '2014-09-24', 26),
(3189, 138, 229, '2010-11-28', 5),
(3190, 188, 110, '2011-04-26', 33),
(3191, 37, 74, '2014-08-20', 4),
(3192, 48, 113, '2004-11-17', 16),
(3193, 410, 185, '2008-04-13', 7),
(3194, 190, 260, '2013-07-17', 33),
(3195, 428, 266, '2001-05-26', 17),
(3196, 282, 116, '2011-08-24', 7),
(3197, 446, 46, '2015-04-21', 21),
(3198, 288, 153, '2006-12-12', 5),
(3199, 171, 93, '2011-03-07', 17),
(3200, 81, 195, '2007-11-29', 41),
(3201, 308, 181, '2013-09-21', 39),
(3202, 133, 96, '2011-11-25', 50),
(3203, 194, 120, '2012-07-18', 3),
(3204, 346, 81, '2008-04-13', 37),
(3205, 430, 247, '2014-12-31', 16),
(3206, 302, 256, '2014-03-05', 25),
(3207, 241, 191, '2003-09-30', 23),
(3208, 140, 276, '2014-08-14', 3),
(3209, 64, 247, '2005-04-19', 5),
(3210, 193, 32, '2009-04-11', 13),
(3211, 136, 132, '2011-11-04', 28),
(3212, 339, 151, '2001-12-17', 15),
(3213, 21, 16, '2008-02-04', 14),
(3214, 178, 80, '2005-11-11', 33),
(3215, 339, 1, '2006-07-21', 12),
(3216, 87, 169, '2007-08-18', 17),
(3217, 75, 55, '2001-09-23', 49),
(3218, 308, 41, '2009-08-20', 32),
(3219, 348, 210, '2013-04-04', 38),
(3220, 494, 60, '2015-02-21', 15),
(3221, 179, 10, '2001-01-28', 16),
(3222, 157, 25, '2001-08-12', 38),
(3223, 333, 234, '2005-03-08', 31),
(3224, 286, 90, '2004-03-19', 18),
(3225, 413, 181, '2007-07-24', 43),
(3226, 251, 4, '2007-07-26', 12),
(3227, 463, 135, '2003-07-12', 45),
(3228, 412, 10, '2012-08-04', 49),
(3229, 441, 239, '2005-02-22', 35),
(3230, 72, 238, '2001-04-30', 23),
(3231, 39, 249, '2010-07-13', 29),
(3232, 184, 229, '2005-03-25', 28),
(3233, 224, 107, '2002-12-12', 46),
(3234, 495, 168, '2002-11-30', 50),
(3235, 272, 275, '2003-05-09', 33),
(3236, 417, 65, '2006-06-09', 14),
(3237, 195, 130, '2002-05-13', 16),
(3238, 123, 92, '2008-09-17', 49),
(3239, 406, 47, '2008-05-31', 29),
(3240, 361, 275, '2008-06-01', 40),
(3241, 286, 4, '2007-01-21', 36),
(3242, 404, 187, '2012-09-30', 37),
(3243, 465, 250, '2002-05-18', 15),
(3244, 176, 63, '2006-09-27', 34),
(3245, 328, 194, '2008-08-10', 36),
(3246, 426, 262, '2001-04-29', 32),
(3247, 178, 138, '2012-04-25', 36),
(3248, 94, 118, '2013-01-25', 44),
(3249, 154, 219, '2006-07-25', 26),
(3250, 160, 100, '2005-05-26', 25),
(3251, 442, 94, '2006-05-13', 30),
(3252, 403, 73, '2010-09-25', 36),
(3253, 11, 165, '2006-05-04', 27),
(3254, 408, 176, '2006-11-01', 36),
(3255, 422, 42, '2015-07-23', 14),
(3256, 19, 138, '2004-11-16', 48),
(3257, 186, 248, '2007-06-26', 3),
(3258, 343, 46, '2015-07-22', 25),
(3259, 392, 194, '2004-07-14', 36),
(3260, 99, 263, '2015-01-31', 49),
(3261, 438, 252, '2004-10-14', 17),
(3262, 109, 152, '2011-09-29', 34),
(3263, 107, 251, '2010-10-12', 7),
(3264, 183, 104, '2003-03-18', 18),
(3265, 51, 274, '2010-08-12', 29),
(3266, 5, 152, '2008-08-11', 26),
(3267, 139, 256, '2013-01-29', 14),
(3268, 278, 146, '2012-01-17', 14),
(3269, 51, 211, '2008-01-23', 21),
(3270, 458, 2, '2010-09-27', 38),
(3271, 34, 203, '2007-01-20', 37),
(3272, 223, 35, '2010-03-23', 9),
(3273, 392, 246, '2008-09-23', 26),
(3274, 161, 107, '2010-04-20', 8),
(3275, 285, 196, '2007-10-12', 40),
(3276, 22, 90, '2013-02-13', 17),
(3277, 460, 4, '2014-04-10', 34),
(3278, 214, 261, '2005-01-09', 26),
(3279, 8, 31, '2001-12-18', 16),
(3280, 142, 117, '2001-03-13', 45),
(3281, 260, 20, '2001-04-25', 14),
(3282, 451, 25, '2011-04-02', 22),
(3283, 88, 121, '2011-04-17', 47),
(3284, 166, 75, '2008-01-24', 22),
(3285, 383, 12, '2008-07-25', 35),
(3286, 102, 220, '2006-01-31', 43),
(3287, 207, 255, '2007-11-12', 11),
(3288, 365, 264, '2010-04-05', 9),
(3289, 227, 271, '2008-05-11', 43),
(3290, 308, 97, '2008-05-04', 6),
(3291, 55, 75, '2012-03-26', 18),
(3292, 377, 197, '2003-08-24', 14),
(3293, 412, 32, '2006-04-28', 2),
(3294, 291, 224, '2015-06-21', 15),
(3295, 336, 24, '2013-01-11', 33),
(3296, 404, 139, '2009-09-17', 16),
(3297, 125, 236, '2008-05-24', 27),
(3298, 271, 40, '2006-10-05', 18),
(3299, 140, 146, '2001-10-02', 47),
(3300, 234, 44, '2008-06-03', 22),
(3301, 239, 172, '2006-10-23', 34),
(3302, 31, 32, '2014-01-20', 5),
(3303, 195, 218, '2003-05-31', 48),
(3304, 398, 260, '2008-05-02', 34),
(3305, 48, 256, '2011-08-10', 37),
(3306, 279, 195, '2013-11-11', 47),
(3307, 207, 127, '2003-12-16', 14),
(3308, 389, 253, '2005-01-06', 27),
(3309, 66, 259, '2014-10-22', 13),
(3310, 81, 151, '2002-09-18', 27),
(3311, 175, 52, '2015-03-14', 31),
(3312, 263, 153, '2008-09-24', 38),
(3313, 417, 192, '2014-06-14', 48),
(3314, 351, 82, '2001-10-17', 23),
(3315, 165, 26, '2001-01-13', 46),
(3316, 243, 117, '2011-03-17', 3),
(3317, 364, 13, '2014-10-25', 2),
(3318, 227, 91, '2002-02-12', 7),
(3319, 224, 173, '2008-06-19', 21),
(3320, 278, 152, '2003-03-17', 39),
(3321, 403, 38, '2006-06-07', 22),
(3322, 458, 215, '2002-03-24', 48),
(3323, 178, 153, '2015-03-19', 23),
(3324, 119, 144, '2004-01-02', 41),
(3325, 124, 268, '2005-11-11', 7),
(3326, 275, 239, '2002-06-19', 29),
(3327, 215, 80, '2011-08-22', 22),
(3328, 309, 273, '2006-03-25', 21),
(3329, 205, 211, '2002-03-08', 7),
(3330, 497, 39, '2007-06-22', 36),
(3331, 393, 213, '2010-03-28', 33),
(3332, 292, 84, '2008-07-08', 30),
(3333, 54, 35, '2010-01-29', 2),
(3334, 237, 122, '2002-02-11', 7),
(3335, 125, 81, '2015-09-05', 33),
(3336, 287, 97, '2004-10-19', 34),
(3337, 91, 133, '2001-04-17', 3),
(3338, 472, 275, '2001-10-07', 44),
(3339, 285, 183, '2001-11-26', 19),
(3340, 128, 79, '2010-07-20', 47),
(3341, 179, 106, '2004-01-17', 23),
(3342, 159, 182, '2006-11-07', 23),
(3343, 75, 43, '2012-02-21', 5),
(3344, 17, 232, '2003-09-16', 10),
(3345, 263, 153, '2009-07-17', 39),
(3346, 279, 241, '2006-09-09', 16),
(3347, 69, 12, '2005-05-28', 32),
(3348, 5, 221, '2007-08-20', 50),
(3349, 316, 183, '2001-12-22', 49),
(3350, 177, 50, '2011-08-26', 14),
(3351, 246, 86, '2007-06-29', 32),
(3352, 390, 82, '2010-11-16', 33),
(3353, 9, 107, '2010-09-04', 25),
(3354, 339, 38, '2005-11-13', 50),
(3355, 139, 196, '2014-03-05', 28),
(3356, 26, 159, '2009-08-22', 23),
(3357, 330, 131, '2008-03-04', 11),
(3358, 291, 169, '2010-05-18', 13),
(3359, 403, 58, '2012-02-08', 29),
(3360, 167, 275, '2011-08-08', 38),
(3361, 459, 271, '2005-10-05', 25),
(3362, 343, 149, '2008-01-17', 17),
(3363, 79, 55, '2008-07-22', 40),
(3364, 244, 65, '2013-07-04', 31),
(3365, 94, 186, '2008-11-10', 41),
(3366, 313, 23, '2012-05-09', 17),
(3367, 142, 192, '2008-01-07', 40),
(3368, 410, 272, '2009-09-22', 39),
(3369, 388, 251, '2013-03-14', 25),
(3370, 299, 220, '2011-08-13', 13),
(3371, 356, 124, '2008-10-31', 25),
(3372, 74, 125, '2010-05-06', 44),
(3373, 184, 128, '2010-09-14', 32),
(3374, 144, 92, '2012-04-09', 28),
(3375, 68, 158, '2001-03-14', 14),
(3376, 454, 51, '2012-10-17', 15),
(3377, 399, 42, '2001-03-22', 41),
(3378, 244, 156, '2015-02-17', 9),
(3379, 468, 46, '2011-01-31', 45),
(3380, 398, 5, '2006-09-26', 21),
(3381, 18, 42, '2015-09-03', 9),
(3382, 443, 259, '2014-09-03', 11),
(3383, 122, 118, '2007-01-05', 45),
(3384, 170, 146, '2009-11-16', 23),
(3385, 239, 218, '2011-04-27', 23),
(3386, 290, 19, '2015-06-26', 23),
(3387, 43, 58, '2015-11-21', 4),
(3388, 173, 49, '2007-05-01', 49),
(3389, 175, 48, '2013-10-05', 34),
(3390, 194, 276, '2002-06-14', 47),
(3391, 71, 16, '2011-08-29', 18),
(3392, 295, 27, '2007-04-10', 5),
(3393, 334, 21, '2013-04-14', 5),
(3394, 133, 96, '2010-02-14', 42),
(3395, 468, 193, '2003-06-23', 3),
(3396, 72, 137, '2009-02-24', 20),
(3397, 287, 44, '2013-12-08', 5),
(3398, 495, 102, '2011-11-24', 40),
(3399, 216, 185, '2014-12-22', 21),
(3400, 298, 131, '2002-05-31', 42),
(3401, 313, 40, '2007-07-30', 4),
(3402, 190, 92, '2004-05-08', 40),
(3403, 79, 167, '2002-03-22', 12),
(3404, 420, 201, '2015-04-04', 4),
(3405, 367, 64, '2010-03-12', 1),
(3406, 128, 166, '2008-04-14', 18),
(3407, 210, 254, '2004-01-11', 46),
(3408, 141, 240, '2014-11-25', 28),
(3409, 414, 137, '2013-03-12', 12),
(3410, 133, 44, '2008-10-20', 21),
(3411, 340, 86, '2012-09-26', 20),
(3412, 79, 37, '2003-07-07', 30),
(3413, 38, 133, '2009-12-05', 25),
(3414, 497, 251, '2015-08-06', 31),
(3415, 479, 44, '2012-10-19', 50),
(3416, 430, 49, '2004-03-26', 41),
(3417, 408, 56, '2012-08-22', 35),
(3418, 391, 176, '2008-12-29', 33),
(3419, 357, 153, '2012-08-14', 22),
(3420, 32, 123, '2014-08-01', 34),
(3421, 455, 183, '2014-02-21', 42),
(3422, 67, 25, '2006-11-29', 16),
(3423, 125, 15, '2003-02-05', 40),
(3424, 3, 148, '2001-05-24', 34),
(3425, 475, 196, '2009-05-08', 40),
(3426, 324, 90, '2008-09-10', 32),
(3427, 177, 150, '2003-06-30', 29),
(3428, 16, 170, '2014-05-31', 35),
(3429, 125, 148, '2004-11-08', 48),
(3430, 188, 260, '2008-11-30', 42),
(3431, 498, 40, '2008-02-07', 17),
(3432, 310, 240, '2014-09-23', 6),
(3433, 63, 121, '2014-03-09', 23),
(3434, 62, 248, '2009-06-21', 19),
(3435, 392, 266, '2005-07-15', 29),
(3436, 153, 55, '2015-02-24', 46),
(3437, 300, 264, '2004-03-18', 29),
(3438, 132, 49, '2013-11-23', 48),
(3439, 341, 80, '2009-05-10', 27),
(3440, 456, 152, '2006-11-17', 30),
(3441, 55, 265, '2008-04-25', 27),
(3442, 377, 170, '2006-08-10', 1),
(3443, 386, 58, '2013-03-07', 17),
(3444, 15, 92, '2003-06-22', 27),
(3445, 316, 81, '2015-05-23', 36),
(3446, 180, 261, '2003-08-07', 6),
(3447, 81, 159, '2004-12-09', 6),
(3448, 423, 76, '2006-05-28', 15),
(3449, 254, 68, '2007-02-27', 17),
(3450, 252, 168, '2014-09-10', 43),
(3451, 48, 12, '2001-02-02', 31),
(3452, 130, 168, '2009-08-10', 21),
(3453, 247, 6, '2006-06-04', 34),
(3454, 160, 260, '2007-08-16', 50),
(3455, 495, 24, '2011-04-04', 28),
(3456, 488, 87, '2005-08-11', 22),
(3457, 295, 17, '2010-02-14', 42),
(3458, 29, 277, '2005-06-05', 40),
(3459, 303, 126, '2002-12-31', 39),
(3460, 79, 126, '2014-11-06', 34),
(3461, 339, 106, '2015-10-31', 39),
(3462, 219, 83, '2010-12-25', 4),
(3463, 58, 129, '2014-02-22', 16),
(3464, 443, 240, '2014-09-27', 25),
(3465, 135, 103, '2015-05-11', 44),
(3466, 148, 153, '2012-12-01', 36),
(3467, 238, 17, '2002-09-24', 18),
(3468, 286, 25, '2005-07-23', 49),
(3469, 115, 48, '2011-10-15', 45),
(3470, 366, 131, '2005-06-15', 18),
(3471, 286, 61, '2008-06-24', 14),
(3472, 140, 162, '2011-04-13', 18),
(3473, 131, 76, '2011-12-15', 37),
(3474, 99, 71, '2004-03-19', 34),
(3475, 487, 131, '2007-05-24', 36),
(3476, 24, 178, '2005-12-21', 9),
(3477, 363, 248, '2006-05-10', 39),
(3478, 13, 155, '2004-03-10', 40),
(3479, 432, 210, '2007-08-18', 38),
(3480, 15, 44, '2001-09-29', 28),
(3481, 194, 232, '2010-02-20', 19),
(3482, 69, 168, '2001-01-01', 11),
(3483, 215, 126, '2003-06-18', 20),
(3484, 119, 137, '2013-10-10', 4),
(3485, 301, 70, '2009-06-04', 35),
(3486, 217, 209, '2006-03-07', 22),
(3487, 144, 222, '2004-05-23', 8),
(3488, 82, 142, '2012-10-18', 43),
(3489, 395, 90, '2006-04-26', 28),
(3490, 6, 157, '2013-11-03', 26),
(3491, 78, 99, '2003-07-17', 15),
(3492, 291, 206, '2004-12-03', 49),
(3493, 402, 121, '2013-08-23', 43),
(3494, 342, 202, '2015-10-19', 17),
(3495, 233, 274, '2012-02-23', 21),
(3496, 373, 2, '2006-12-17', 35),
(3497, 483, 278, '2006-04-11', 13),
(3498, 425, 225, '2014-12-14', 37),
(3499, 426, 194, '2009-08-04', 16),
(3500, 187, 14, '2005-04-30', 30),
(3501, 75, 254, '2007-04-22', 1),
(3502, 73, 212, '2015-08-01', 7),
(3503, 70, 180, '2008-07-22', 31),
(3504, 101, 61, '2010-07-06', 17),
(3505, 99, 154, '2012-05-07', 9),
(3506, 104, 61, '2011-11-29', 5),
(3507, 66, 1, '2007-05-23', 35),
(3508, 3, 15, '2003-06-23', 44),
(3509, 297, 112, '2002-07-15', 42),
(3510, 291, 206, '2014-10-15', 7),
(3511, 32, 126, '2008-06-29', 2),
(3512, 41, 18, '2008-04-24', 7),
(3513, 366, 217, '2009-09-30', 42),
(3514, 123, 22, '2002-02-03', 11),
(3515, 207, 26, '2010-08-20', 24),
(3516, 100, 257, '2011-08-14', 38),
(3517, 218, 224, '2009-01-08', 33),
(3518, 351, 125, '2004-04-15', 35),
(3519, 51, 37, '2001-11-29', 24),
(3520, 145, 222, '2005-10-01', 15),
(3521, 190, 218, '2003-06-30', 19),
(3522, 209, 266, '2013-05-16', 30),
(3523, 197, 65, '2010-12-18', 29),
(3524, 80, 127, '2009-12-09', 46),
(3525, 144, 21, '2008-01-10', 27),
(3526, 76, 267, '2003-03-01', 9),
(3527, 354, 171, '2003-02-25', 17),
(3528, 228, 126, '2011-01-26', 29),
(3529, 436, 13, '2007-09-01', 48),
(3530, 362, 50, '2013-07-15', 20),
(3531, 124, 245, '2014-01-25', 50),
(3532, 136, 192, '2004-05-27', 28),
(3533, 201, 156, '2001-02-09', 24),
(3534, 100, 63, '2013-12-06', 46),
(3535, 147, 38, '2014-09-12', 1),
(3536, 124, 246, '2012-07-31', 31),
(3537, 207, 17, '2008-08-06', 47),
(3538, 439, 118, '2004-12-01', 13),
(3539, 13, 244, '2011-12-10', 4),
(3540, 497, 185, '2012-09-25', 42),
(3541, 84, 224, '2004-10-21', 31),
(3542, 464, 147, '2013-08-29', 11),
(3543, 445, 117, '2003-02-21', 16),
(3544, 486, 259, '2001-05-01', 48),
(3545, 123, 102, '2002-10-11', 50),
(3546, 480, 114, '2011-05-17', 34),
(3547, 217, 209, '2004-10-17', 36),
(3548, 11, 65, '2015-10-07', 23),
(3549, 133, 125, '2004-04-14', 35),
(3550, 469, 262, '2010-05-04', 46),
(3551, 445, 273, '2012-12-03', 17),
(3552, 97, 77, '2015-08-29', 33),
(3553, 262, 81, '2003-10-13', 21),
(3554, 290, 152, '2002-07-03', 30),
(3555, 387, 121, '2006-12-26', 20),
(3556, 62, 278, '2006-02-03', 3),
(3557, 443, 191, '2005-11-04', 40),
(3558, 235, 23, '2011-12-20', 23),
(3559, 274, 96, '2014-03-02', 47),
(3560, 323, 123, '2010-06-30', 28),
(3561, 92, 236, '2012-05-03', 1),
(3562, 315, 267, '2012-02-03', 24),
(3563, 93, 192, '2014-06-04', 23),
(3564, 499, 83, '2010-01-11', 19),
(3565, 297, 203, '2010-06-26', 38),
(3566, 486, 33, '2002-04-16', 18),
(3567, 379, 266, '2015-01-01', 46),
(3568, 452, 17, '2002-06-12', 10),
(3569, 26, 141, '2009-03-06', 32),
(3570, 191, 198, '2003-05-03', 21),
(3571, 318, 81, '2008-02-26', 8),
(3572, 115, 263, '2014-03-28', 41),
(3573, 404, 61, '2006-03-25', 33),
(3574, 51, 77, '2013-04-27', 26),
(3575, 426, 271, '2001-10-30', 48),
(3576, 16, 173, '2006-02-20', 24),
(3577, 494, 92, '2004-03-06', 26),
(3578, 448, 50, '2015-01-04', 34),
(3579, 206, 212, '2002-04-14', 33),
(3580, 93, 71, '2005-06-26', 16),
(3581, 353, 37, '2015-07-15', 27),
(3582, 327, 163, '2008-02-07', 37),
(3583, 120, 169, '2014-12-17', 25),
(3584, 260, 193, '2008-05-14', 19),
(3585, 156, 101, '2004-10-31', 29),
(3586, 219, 88, '2008-06-17', 24),
(3587, 199, 65, '2009-10-24', 35),
(3588, 294, 95, '2006-12-05', 39),
(3589, 263, 2, '2005-03-26', 23),
(3590, 301, 183, '2002-08-03', 35),
(3591, 174, 203, '2014-09-29', 40),
(3592, 162, 180, '2006-01-12', 34),
(3593, 345, 215, '2007-02-13', 5),
(3594, 318, 20, '2005-12-26', 21),
(3595, 298, 150, '2007-08-12', 44),
(3596, 190, 47, '2015-11-23', 48),
(3597, 300, 228, '2015-04-02', 24),
(3598, 242, 116, '2014-12-09', 50),
(3599, 82, 174, '2001-11-23', 36),
(3600, 79, 41, '2004-09-10', 2),
(3601, 496, 7, '2006-12-26', 13),
(3602, 184, 60, '2014-03-15', 12),
(3603, 441, 85, '2011-09-12', 6),
(3604, 190, 150, '2004-09-06', 29),
(3605, 381, 64, '2001-05-31', 50),
(3606, 113, 234, '2002-07-27', 41),
(3607, 4, 162, '2003-02-24', 6),
(3608, 176, 195, '2003-07-06', 32),
(3609, 493, 138, '2012-10-09', 28),
(3610, 185, 94, '2012-12-31', 45),
(3611, 147, 233, '2008-11-29', 45),
(3612, 150, 185, '2012-04-06', 22),
(3613, 65, 256, '2006-03-10', 22),
(3614, 369, 149, '2013-10-17', 48),
(3615, 390, 165, '2013-09-21', 44),
(3616, 284, 7, '2011-07-19', 23),
(3617, 374, 7, '2008-09-29', 35),
(3618, 489, 177, '2014-04-27', 4),
(3619, 459, 65, '2006-12-25', 35),
(3620, 339, 70, '2007-03-08', 14),
(3621, 116, 250, '2012-09-12', 36),
(3622, 175, 139, '2013-10-17', 49),
(3623, 449, 37, '2005-07-06', 38),
(3624, 205, 136, '2011-04-03', 2),
(3625, 325, 13, '2013-01-16', 21),
(3626, 48, 178, '2014-10-10', 1),
(3627, 55, 172, '2009-05-08', 1),
(3628, 213, 142, '2007-08-15', 30),
(3629, 358, 8, '2011-03-07', 1),
(3630, 419, 43, '2006-05-06', 22),
(3631, 353, 72, '2004-10-15', 16),
(3632, 100, 260, '2002-02-01', 10),
(3633, 377, 120, '2003-02-08', 48),
(3634, 249, 215, '2004-05-04', 36),
(3635, 294, 36, '2006-01-28', 1),
(3636, 500, 254, '2004-12-28', 32),
(3637, 363, 205, '2004-07-15', 4),
(3638, 345, 168, '2014-10-10', 35),
(3639, 92, 88, '2013-01-23', 20),
(3640, 362, 122, '2011-06-10', 10),
(3641, 466, 254, '2013-06-28', 42),
(3642, 12, 131, '2007-11-29', 28),
(3643, 222, 91, '2010-10-05', 26),
(3644, 327, 156, '2009-07-08', 35),
(3645, 369, 82, '2005-09-22', 19),
(3646, 298, 76, '2001-05-03', 46),
(3647, 308, 223, '2003-12-24', 21),
(3648, 182, 15, '2010-06-18', 32),
(3649, 353, 124, '2002-12-05', 16),
(3650, 432, 113, '2004-09-27', 39),
(3651, 208, 198, '2012-02-12', 49),
(3652, 54, 49, '2007-03-29', 9),
(3653, 347, 229, '2010-10-03', 15),
(3654, 432, 74, '2003-05-25', 30),
(3655, 35, 6, '2010-12-05', 25),
(3656, 15, 82, '2014-07-21', 7),
(3657, 335, 121, '2002-11-19', 6),
(3658, 453, 205, '2015-07-19', 39),
(3659, 205, 167, '2004-07-24', 28),
(3660, 320, 109, '2013-05-20', 24),
(3661, 366, 4, '2008-07-23', 21),
(3662, 137, 177, '2015-02-28', 24),
(3663, 221, 258, '2013-12-25', 46),
(3664, 166, 65, '2001-11-18', 47),
(3665, 435, 14, '2007-06-21', 9),
(3666, 75, 219, '2001-02-26', 30),
(3667, 459, 175, '2008-07-15', 21),
(3668, 420, 126, '2001-03-01', 31),
(3669, 100, 180, '2010-03-17', 46),
(3670, 124, 13, '2009-07-28', 27),
(3671, 284, 184, '2011-11-06', 29),
(3672, 189, 9, '2012-05-21', 32),
(3673, 3, 81, '2010-07-25', 1),
(3674, 168, 230, '2008-02-08', 15),
(3675, 463, 241, '2004-11-22', 22),
(3676, 373, 266, '2007-05-17', 4),
(3677, 384, 64, '2002-04-23', 44),
(3678, 285, 194, '2015-10-02', 5),
(3679, 185, 8, '2009-09-18', 34),
(3680, 140, 200, '2009-10-04', 14),
(3681, 162, 97, '2006-05-05', 43),
(3682, 464, 120, '2004-06-02', 40),
(3683, 385, 11, '2003-11-21', 36),
(3684, 336, 104, '2011-12-09', 16),
(3685, 360, 251, '2006-12-26', 2),
(3686, 420, 43, '2007-10-05', 5),
(3687, 25, 84, '2014-09-17', 47),
(3688, 157, 92, '2008-06-20', 40),
(3689, 309, 124, '2014-03-08', 50),
(3690, 298, 99, '2006-09-01', 37),
(3691, 53, 130, '2010-01-31', 23),
(3692, 57, 101, '2012-09-26', 50),
(3693, 22, 221, '2010-12-18', 31),
(3694, 49, 172, '2012-11-12', 39),
(3695, 99, 73, '2004-11-11', 31),
(3696, 417, 72, '2003-03-03', 47),
(3697, 130, 175, '2013-12-21', 7),
(3698, 391, 261, '2001-09-11', 41),
(3699, 144, 17, '2002-06-05', 14),
(3700, 242, 156, '2013-03-18', 42),
(3701, 45, 26, '2009-09-16', 40),
(3702, 164, 1, '2014-11-19', 38),
(3703, 385, 84, '2006-06-26', 19),
(3704, 370, 40, '2004-07-17', 42),
(3705, 243, 94, '2001-06-26', 21),
(3706, 9, 92, '2008-03-04', 5),
(3707, 326, 183, '2007-12-16', 44),
(3708, 359, 49, '2015-12-14', 23),
(3709, 72, 164, '2009-09-01', 39),
(3710, 116, 53, '2002-03-14', 44),
(3711, 279, 118, '2006-08-30', 26),
(3712, 403, 58, '2003-09-29', 14),
(3713, 406, 212, '2010-03-19', 13),
(3714, 117, 205, '2008-05-02', 49),
(3715, 177, 102, '2006-01-26', 38),
(3716, 229, 89, '2007-03-03', 20),
(3717, 170, 81, '2002-11-09', 19),
(3718, 355, 23, '2004-10-04', 13),
(3719, 7, 140, '2015-12-03', 22),
(3720, 154, 14, '2014-07-17', 24),
(3721, 142, 109, '2001-03-30', 38),
(3722, 484, 31, '2007-03-19', 6),
(3723, 151, 33, '2008-07-08', 30),
(3724, 385, 186, '2002-07-19', 46),
(3725, 433, 169, '2013-07-06', 11),
(3726, 203, 28, '2011-03-01', 22),
(3727, 115, 121, '2007-04-22', 22),
(3728, 4, 7, '2015-05-22', 25),
(3729, 148, 58, '2002-12-01', 31),
(3730, 64, 276, '2014-03-12', 46),
(3731, 243, 87, '2006-03-14', 15),
(3732, 452, 219, '2006-07-16', 29),
(3733, 161, 106, '2014-01-27', 42),
(3734, 179, 21, '2002-12-26', 20),
(3735, 95, 35, '2014-07-22', 19),
(3736, 445, 13, '2002-01-19', 35),
(3737, 264, 184, '2006-06-13', 21),
(3738, 242, 39, '2006-03-19', 49),
(3739, 352, 266, '2007-04-10', 14),
(3740, 424, 190, '2002-09-21', 24),
(3741, 152, 12, '2004-04-14', 25),
(3742, 43, 159, '2001-03-11', 33),
(3743, 113, 29, '2009-10-15', 19),
(3744, 70, 114, '2006-03-02', 38),
(3745, 428, 84, '2009-03-04', 29),
(3746, 440, 107, '2005-04-19', 5),
(3747, 194, 267, '2008-06-29', 15),
(3748, 180, 163, '2005-11-09', 48),
(3749, 91, 104, '2007-11-22', 28),
(3750, 248, 54, '2012-03-06', 35),
(3751, 444, 190, '2014-12-21', 35),
(3752, 122, 12, '2001-07-19', 47),
(3753, 273, 94, '2002-11-17', 32),
(3754, 190, 114, '2014-08-13', 29),
(3755, 462, 173, '2009-12-30', 18),
(3756, 16, 175, '2014-09-26', 4),
(3757, 34, 105, '2004-01-07', 6),
(3758, 466, 12, '2015-07-23', 9),
(3759, 486, 57, '2009-07-12', 35),
(3760, 465, 152, '2002-12-01', 5),
(3761, 294, 254, '2009-01-01', 2),
(3762, 372, 68, '2010-03-23', 41),
(3763, 42, 163, '2008-10-24', 25),
(3764, 46, 244, '2008-09-15', 6),
(3765, 461, 137, '2007-09-09', 3),
(3766, 37, 38, '2012-04-16', 11),
(3767, 256, 95, '2004-04-19', 39),
(3768, 267, 121, '2001-10-01', 32),
(3769, 279, 21, '2006-07-21', 12),
(3770, 194, 274, '2015-07-17', 21),
(3771, 360, 187, '2003-06-19', 42),
(3772, 18, 222, '2012-06-30', 8),
(3773, 179, 189, '2006-05-10', 19),
(3774, 172, 93, '2014-10-16', 44),
(3775, 199, 221, '2013-02-18', 32),
(3776, 492, 197, '2006-10-04', 6),
(3777, 433, 122, '2006-12-13', 35),
(3778, 288, 264, '2005-12-11', 35),
(3779, 242, 190, '2009-02-24', 25),
(3780, 443, 245, '2005-12-01', 1),
(3781, 444, 156, '2010-03-03', 18),
(3782, 61, 3, '2014-01-16', 23),
(3783, 332, 271, '2009-01-06', 13),
(3784, 363, 7, '2001-01-26', 5),
(3785, 348, 202, '2005-06-13', 33),
(3786, 415, 128, '2005-02-16', 15),
(3787, 111, 263, '2007-09-01', 17),
(3788, 394, 250, '2012-07-23', 12),
(3789, 50, 170, '2008-11-05', 11),
(3790, 246, 279, '2001-11-13', 8),
(3791, 463, 182, '2008-07-15', 19),
(3792, 397, 67, '2012-10-08', 50),
(3793, 257, 276, '2006-02-16', 37),
(3794, 220, 241, '2007-03-29', 32),
(3795, 425, 156, '2012-05-24', 27),
(3796, 285, 198, '2002-07-13', 40),
(3797, 339, 102, '2008-01-12', 43),
(3798, 103, 273, '2014-08-23', 44),
(3799, 5, 238, '2001-12-28', 6),
(3800, 400, 133, '2003-11-15', 18),
(3801, 409, 267, '2006-07-17', 41),
(3802, 316, 114, '2003-08-13', 45),
(3803, 474, 253, '2015-02-16', 10),
(3804, 272, 107, '2007-09-23', 30),
(3805, 461, 267, '2009-01-08', 29),
(3806, 4, 263, '2001-01-21', 15),
(3807, 430, 36, '2005-10-29', 1),
(3808, 147, 210, '2006-04-04', 3),
(3809, 80, 250, '2010-06-02', 32),
(3810, 207, 157, '2009-12-17', 49),
(3811, 180, 107, '2004-05-13', 38),
(3812, 373, 247, '2011-09-19', 37),
(3813, 344, 105, '2005-11-03', 14),
(3814, 475, 11, '2013-10-16', 2),
(3815, 453, 24, '2005-03-16', 32),
(3816, 280, 62, '2009-12-27', 33),
(3817, 254, 150, '2003-01-19', 28),
(3818, 311, 83, '2008-08-30', 3),
(3819, 42, 220, '2001-05-14', 2),
(3820, 243, 155, '2007-09-25', 5),
(3821, 228, 252, '2008-09-05', 27),
(3822, 16, 212, '2015-10-01', 23),
(3823, 20, 126, '2011-08-14', 43),
(3824, 349, 134, '2014-03-15', 11),
(3825, 307, 26, '2014-04-11', 19),
(3826, 362, 168, '2008-06-11', 8),
(3827, 37, 5, '2015-07-12', 29),
(3828, 378, 122, '2002-09-12', 38),
(3829, 177, 116, '2010-03-22', 16),
(3830, 405, 245, '2014-09-28', 20),
(3831, 254, 216, '2004-10-29', 28),
(3832, 49, 181, '2001-12-29', 1),
(3833, 267, 76, '2007-09-06', 38),
(3834, 441, 8, '2013-07-19', 35),
(3835, 365, 265, '2015-08-23', 43),
(3836, 416, 26, '2002-03-31', 41),
(3837, 237, 124, '2002-10-28', 40),
(3838, 470, 238, '2003-08-22', 50),
(3839, 128, 67, '2006-09-15', 25),
(3840, 455, 44, '2013-06-16', 14),
(3841, 20, 197, '2003-11-03', 10),
(3842, 151, 238, '2014-05-25', 14),
(3843, 274, 244, '2007-03-23', 7),
(3844, 349, 74, '2009-04-04', 46),
(3845, 166, 40, '2005-01-10', 50),
(3846, 131, 68, '2014-11-19', 45),
(3847, 404, 45, '2006-03-01', 43),
(3848, 259, 215, '2010-02-04', 18),
(3849, 342, 25, '2008-05-02', 16),
(3850, 78, 86, '2003-06-20', 47),
(3851, 476, 114, '2005-03-13', 3),
(3852, 53, 231, '2011-04-07', 10),
(3853, 179, 47, '2002-02-11', 33),
(3854, 160, 34, '2012-05-27', 1),
(3855, 198, 11, '2015-10-17', 33),
(3856, 225, 194, '2013-09-11', 6),
(3857, 164, 160, '2014-07-18', 10),
(3858, 208, 42, '2012-11-09', 38),
(3859, 263, 135, '2003-02-12', 9),
(3860, 63, 176, '2008-06-28', 19),
(3861, 265, 184, '2009-06-14', 34),
(3862, 67, 30, '2004-06-03', 14),
(3863, 333, 52, '2014-02-25', 3),
(3864, 458, 85, '2004-09-30', 43),
(3865, 332, 227, '2014-07-04', 35),
(3866, 308, 204, '2012-06-21', 32),
(3867, 288, 73, '2014-04-02', 4),
(3868, 284, 112, '2014-01-26', 46),
(3869, 126, 2, '2015-09-19', 10),
(3870, 70, 44, '2004-10-16', 34),
(3871, 17, 108, '2005-08-01', 29),
(3872, 398, 1, '2015-01-22', 27),
(3873, 408, 139, '2009-10-15', 33),
(3874, 395, 192, '2013-09-21', 11),
(3875, 411, 108, '2004-11-17', 50),
(3876, 421, 24, '2007-03-13', 26),
(3877, 128, 190, '2004-07-12', 27),
(3878, 43, 209, '2012-09-12', 34),
(3879, 371, 232, '2005-10-19', 32),
(3880, 390, 125, '2010-04-08', 7),
(3881, 14, 232, '2010-08-03', 22),
(3882, 466, 264, '2002-11-25', 8),
(3883, 468, 80, '2002-10-16', 7),
(3884, 171, 64, '2006-05-07', 25),
(3885, 250, 88, '2005-07-29', 23),
(3886, 178, 255, '2006-10-15', 41),
(3887, 486, 128, '2004-12-03', 19),
(3888, 431, 51, '2015-05-28', 1),
(3889, 491, 145, '2011-11-11', 1),
(3890, 343, 249, '2014-03-01', 31),
(3891, 71, 26, '2010-06-02', 38),
(3892, 361, 33, '2005-03-22', 25),
(3893, 46, 27, '2010-03-21', 19),
(3894, 486, 103, '2010-10-03', 29),
(3895, 484, 229, '2007-05-05', 38),
(3896, 223, 34, '2002-01-26', 18),
(3897, 432, 105, '2001-04-22', 29),
(3898, 263, 260, '2014-09-17', 38),
(3899, 187, 143, '2015-09-15', 28),
(3900, 47, 49, '2002-11-30', 38),
(3901, 120, 107, '2007-04-19', 49),
(3902, 220, 272, '2014-01-16', 26),
(3903, 393, 273, '2002-04-03', 11),
(3904, 36, 84, '2010-10-20', 4),
(3905, 448, 252, '2002-08-24', 25),
(3906, 379, 133, '2013-10-31', 33),
(3907, 332, 138, '2012-10-27', 7),
(3908, 352, 106, '2012-07-06', 15),
(3909, 143, 211, '2014-06-28', 13),
(3910, 423, 186, '2013-12-21', 20),
(3911, 258, 14, '2001-12-19', 37),
(3912, 133, 31, '2007-04-10', 46),
(3913, 432, 168, '2005-05-12', 40),
(3914, 376, 67, '2011-06-17', 27),
(3915, 414, 180, '2008-09-26', 22),
(3916, 470, 157, '2014-06-09', 8),
(3917, 115, 137, '2003-11-14', 46),
(3918, 344, 30, '2012-07-04', 1),
(3919, 347, 221, '2005-06-19', 5),
(3920, 291, 110, '2002-09-30', 18),
(3921, 146, 156, '2012-12-17', 35),
(3922, 443, 186, '2014-12-12', 37),
(3923, 213, 68, '2006-07-08', 34),
(3924, 332, 83, '2012-05-18', 15),
(3925, 304, 267, '2008-05-27', 44),
(3926, 155, 197, '2002-06-18', 38),
(3927, 178, 14, '2008-04-09', 29),
(3928, 306, 90, '2012-02-12', 16),
(3929, 236, 92, '2010-02-14', 48),
(3930, 203, 276, '2009-01-10', 29),
(3931, 203, 161, '2005-05-03', 11),
(3932, 428, 114, '2015-08-28', 20),
(3933, 417, 100, '2013-11-04', 18),
(3934, 250, 101, '2002-10-19', 20),
(3935, 114, 192, '2011-06-23', 10),
(3936, 109, 39, '2012-12-28', 10),
(3937, 439, 168, '2003-05-23', 30),
(3938, 317, 80, '2009-10-05', 21),
(3939, 257, 258, '2012-03-04', 27),
(3940, 244, 217, '2004-03-05', 22),
(3941, 266, 169, '2012-01-17', 5),
(3942, 56, 268, '2015-07-20', 42),
(3943, 237, 253, '2005-04-05', 23),
(3944, 57, 146, '2007-05-03', 42),
(3945, 172, 2, '2005-01-01', 37),
(3946, 410, 255, '2013-05-06', 50),
(3947, 21, 239, '2003-03-12', 23),
(3948, 313, 109, '2009-07-14', 37),
(3949, 38, 15, '2007-02-02', 37),
(3950, 443, 170, '2007-07-24', 33),
(3951, 115, 29, '2004-11-04', 1),
(3952, 49, 124, '2004-06-18', 2),
(3953, 45, 238, '2007-04-02', 16),
(3954, 428, 154, '2001-09-28', 40),
(3955, 225, 113, '2011-05-06', 6),
(3956, 472, 200, '2005-08-17', 46),
(3957, 33, 270, '2003-03-15', 24),
(3958, 413, 185, '2006-05-14', 27),
(3959, 205, 239, '2005-05-15', 27),
(3960, 45, 231, '2014-09-25', 22),
(3961, 105, 101, '2008-04-22', 10),
(3962, 251, 217, '2010-05-25', 25),
(3963, 320, 93, '2001-09-25', 1),
(3964, 425, 98, '2012-05-17', 2),
(3965, 396, 93, '2004-09-22', 39),
(3966, 83, 142, '2013-01-09', 9),
(3967, 392, 16, '2014-07-24', 16),
(3968, 342, 257, '2012-10-15', 12),
(3969, 42, 76, '2006-07-01', 49),
(3970, 431, 244, '2014-08-29', 50),
(3971, 345, 206, '2012-03-29', 37),
(3972, 103, 176, '2012-08-03', 46),
(3973, 379, 146, '2014-07-17', 50),
(3974, 443, 273, '2013-09-13', 46),
(3975, 26, 239, '2007-03-30', 32),
(3976, 164, 58, '2003-08-31', 28),
(3977, 157, 224, '2014-11-28', 11),
(3978, 435, 72, '2009-01-23', 22),
(3979, 265, 132, '2003-04-06', 50),
(3980, 111, 112, '2002-09-01', 5),
(3981, 114, 215, '2001-10-04', 11),
(3982, 53, 13, '2009-05-03', 43),
(3983, 347, 90, '2004-12-01', 3),
(3984, 120, 267, '2002-03-11', 21),
(3985, 47, 173, '2001-06-26', 31),
(3986, 199, 191, '2002-08-02', 33),
(3987, 51, 66, '2006-02-22', 35),
(3988, 116, 215, '2015-11-24', 48),
(3989, 224, 149, '2010-07-10', 22),
(3990, 119, 24, '2006-04-07', 13),
(3991, 312, 34, '2013-02-19', 2),
(3992, 185, 20, '2005-03-27', 42),
(3993, 452, 219, '2007-10-13', 26),
(3994, 247, 90, '2013-03-12', 47),
(3995, 404, 262, '2006-12-18', 12),
(3996, 250, 4, '2015-06-13', 32),
(3997, 477, 207, '2011-11-13', 7),
(3998, 321, 162, '2013-12-13', 34),
(3999, 31, 199, '2003-01-23', 2),
(4000, 273, 63, '2010-01-20', 49),
(4001, 215, 42, '2008-05-09', 46),
(4002, 345, 43, '2001-10-22', 27),
(4003, 383, 191, '2004-03-06', 37),
(4004, 62, 163, '2003-04-06', 45),
(4005, 296, 63, '2008-03-14', 10),
(4006, 400, 40, '2010-06-13', 8),
(4007, 401, 53, '2001-12-10', 7),
(4008, 437, 205, '2013-12-01', 25),
(4009, 489, 62, '2009-11-06', 44),
(4010, 346, 71, '2008-09-24', 27),
(4011, 353, 14, '2001-01-24', 9),
(4012, 134, 123, '2015-09-01', 4),
(4013, 97, 166, '2004-04-19', 44),
(4014, 236, 144, '2005-09-07', 44),
(4015, 145, 152, '2014-05-18', 28),
(4016, 105, 166, '2008-07-10', 39),
(4017, 377, 5, '2008-03-03', 18),
(4018, 383, 121, '2011-01-07', 43),
(4019, 495, 78, '2014-08-03', 45),
(4020, 407, 87, '2012-11-07', 50),
(4021, 385, 264, '2004-07-12', 32),
(4022, 28, 62, '2005-03-22', 5),
(4023, 353, 84, '2012-04-29', 33),
(4024, 411, 101, '2001-12-26', 10),
(4025, 37, 114, '2007-04-29', 46),
(4026, 283, 275, '2004-02-08', 7),
(4027, 5, 58, '2009-02-06', 8),
(4028, 388, 152, '2001-05-10', 46),
(4029, 292, 167, '2010-03-23', 10),
(4030, 31, 100, '2006-01-09', 7),
(4031, 375, 86, '2009-07-15', 43),
(4032, 2, 222, '2014-08-21', 17),
(4033, 472, 159, '2001-10-07', 10),
(4034, 472, 123, '2003-07-19', 23),
(4035, 237, 54, '2001-03-02', 37),
(4036, 403, 51, '2013-07-06', 23),
(4037, 474, 17, '2002-12-12', 16),
(4038, 317, 99, '2007-07-09', 9),
(4039, 118, 32, '2012-09-07', 24),
(4040, 415, 92, '2001-07-29', 47),
(4041, 371, 67, '2004-07-16', 36),
(4042, 256, 69, '2001-04-02', 37),
(4043, 86, 74, '2001-09-09', 19),
(4044, 443, 57, '2002-12-25', 30),
(4045, 243, 96, '2015-09-19', 14),
(4046, 153, 220, '2007-11-25', 41),
(4047, 289, 175, '2006-08-29', 9),
(4048, 316, 39, '2007-09-11', 5),
(4049, 490, 233, '2011-02-27', 3),
(4050, 48, 165, '2002-07-12', 31),
(4051, 381, 187, '2014-06-24', 33),
(4052, 223, 58, '2006-10-07', 33),
(4053, 448, 241, '2015-07-16', 41),
(4054, 103, 177, '2006-09-21', 14),
(4055, 471, 175, '2009-01-23', 47),
(4056, 277, 196, '2011-07-10', 35),
(4057, 485, 41, '2010-12-12', 9),
(4058, 8, 89, '2002-07-25', 30),
(4059, 28, 90, '2015-02-13', 44),
(4060, 458, 164, '2010-04-27', 12),
(4061, 443, 75, '2003-10-02', 17),
(4062, 346, 204, '2003-07-17', 19),
(4063, 308, 134, '2011-01-28', 42),
(4064, 266, 210, '2008-11-17', 10),
(4065, 332, 275, '2014-12-11', 48),
(4066, 408, 122, '2003-07-28', 19),
(4067, 183, 68, '2012-11-12', 32),
(4068, 372, 129, '2015-02-15', 16),
(4069, 31, 119, '2009-03-11', 32),
(4070, 375, 242, '2001-05-18', 41),
(4071, 15, 280, '2004-04-08', 36),
(4072, 176, 60, '2005-03-06', 41),
(4073, 459, 29, '2011-09-10', 32),
(4074, 279, 206, '2002-05-04', 2),
(4075, 79, 117, '2007-12-22', 44),
(4076, 130, 143, '2008-01-31', 9),
(4077, 271, 133, '2013-06-15', 46),
(4078, 75, 13, '2009-06-24', 33),
(4079, 442, 120, '2002-02-20', 29),
(4080, 484, 74, '2001-02-14', 25),
(4081, 483, 137, '2003-08-25', 37),
(4082, 69, 76, '2009-02-17', 19),
(4083, 396, 277, '2001-06-04', 47),
(4084, 179, 154, '2001-09-15', 22),
(4085, 420, 66, '2005-03-21', 43),
(4086, 109, 186, '2012-10-13', 4),
(4087, 434, 103, '2002-01-24', 27),
(4088, 324, 197, '2003-02-27', 40),
(4089, 159, 134, '2010-12-16', 8),
(4090, 379, 58, '2010-04-30', 4),
(4091, 139, 27, '2015-10-27', 50),
(4092, 367, 50, '2005-03-18', 32),
(4093, 224, 242, '2015-09-18', 13),
(4094, 401, 207, '2009-07-12', 18),
(4095, 54, 57, '2010-08-25', 1),
(4096, 215, 221, '2005-02-22', 3),
(4097, 391, 267, '2010-04-11', 37),
(4098, 500, 279, '2006-12-20', 36),
(4099, 487, 265, '2014-12-21', 26),
(4100, 284, 82, '2001-07-25', 28),
(4101, 321, 161, '2009-08-08', 24),
(4102, 11, 105, '2010-06-26', 16),
(4103, 36, 117, '2014-03-26', 15),
(4104, 131, 233, '2010-10-16', 6),
(4105, 488, 182, '2002-02-05', 41),
(4106, 446, 197, '2001-08-12', 44),
(4107, 366, 273, '2010-10-31', 1),
(4108, 487, 106, '2010-10-18', 44),
(4109, 491, 53, '2001-05-31', 32),
(4110, 104, 119, '2014-02-14', 26),
(4111, 193, 116, '2007-09-23', 30),
(4112, 387, 148, '2001-03-18', 2),
(4113, 366, 131, '2014-05-19', 28),
(4114, 181, 6, '2004-04-18', 22),
(4115, 419, 114, '2002-02-25', 27),
(4116, 247, 177, '2009-10-20', 49),
(4117, 396, 227, '2004-09-08', 23),
(4118, 51, 78, '2006-07-04', 8),
(4119, 311, 246, '2009-05-04', 41),
(4120, 3, 230, '2010-06-06', 13),
(4121, 59, 179, '2013-09-23', 9),
(4122, 3, 164, '2005-08-21', 29),
(4123, 401, 201, '2009-12-17', 19),
(4124, 217, 269, '2001-06-20', 1),
(4125, 21, 229, '2009-08-27', 2),
(4126, 106, 243, '2007-08-07', 34),
(4127, 397, 101, '2005-07-17', 36),
(4128, 477, 238, '2011-12-14', 14),
(4129, 352, 148, '2004-04-10', 11),
(4130, 462, 167, '2008-02-11', 38),
(4131, 442, 15, '2013-03-05', 16),
(4132, 252, 213, '2012-12-09', 10),
(4133, 385, 13, '2006-11-19', 33),
(4134, 75, 22, '2013-06-24', 50),
(4135, 321, 66, '2010-06-26', 24),
(4136, 362, 55, '2011-12-07', 29),
(4137, 483, 195, '2005-09-02', 41),
(4138, 291, 44, '2010-06-26', 29),
(4139, 276, 209, '2012-03-01', 7),
(4140, 299, 60, '2012-02-06', 25),
(4141, 8, 12, '2012-02-05', 45),
(4142, 352, 272, '2014-03-24', 15),
(4143, 159, 167, '2011-03-03', 14),
(4144, 366, 40, '2004-08-14', 35),
(4145, 29, 61, '2005-01-03', 18),
(4146, 362, 70, '2011-10-08', 2),
(4147, 20, 243, '2001-04-27', 23),
(4148, 242, 107, '2013-06-15', 1),
(4149, 39, 18, '2013-02-18', 48),
(4150, 324, 149, '2007-05-18', 17),
(4151, 260, 62, '2010-08-19', 10),
(4152, 469, 156, '2001-03-13', 8),
(4153, 154, 101, '2009-12-25', 35),
(4154, 198, 4, '2013-01-20', 33),
(4155, 14, 157, '2002-10-25', 34),
(4156, 418, 206, '2012-01-09', 6),
(4157, 482, 145, '2004-01-07', 9),
(4158, 412, 81, '2004-11-26', 48),
(4159, 200, 154, '2003-01-10', 11),
(4160, 5, 34, '2001-12-19', 49),
(4161, 295, 181, '2008-12-09', 8),
(4162, 320, 75, '2008-07-28', 15),
(4163, 23, 280, '2011-07-05', 7),
(4164, 447, 35, '2009-04-16', 11),
(4165, 199, 35, '2001-07-10', 21),
(4166, 67, 225, '2011-08-11', 25),
(4167, 96, 238, '2003-01-13', 4),
(4168, 468, 40, '2001-12-08', 18),
(4169, 146, 161, '2013-08-17', 16),
(4170, 161, 68, '2004-11-16', 37),
(4171, 148, 265, '2006-01-06', 18),
(4172, 411, 22, '2011-10-02', 31),
(4173, 368, 268, '2002-01-14', 39),
(4174, 21, 61, '2014-08-22', 23),
(4175, 44, 22, '2007-10-10', 32),
(4176, 83, 69, '2005-03-08', 7),
(4177, 308, 255, '2009-10-12', 49),
(4178, 396, 169, '2004-11-05', 6),
(4179, 387, 260, '2009-11-07', 34),
(4180, 461, 111, '2009-04-21', 23),
(4181, 156, 164, '2015-10-08', 20),
(4182, 197, 227, '2007-11-10', 47),
(4183, 462, 132, '2015-05-03', 48),
(4184, 195, 14, '2009-01-30', 49),
(4185, 125, 151, '2001-11-05', 33),
(4186, 476, 204, '2009-08-09', 34),
(4187, 88, 205, '2004-01-13', 3),
(4188, 452, 252, '2012-10-24', 20),
(4189, 187, 209, '2003-02-03', 5),
(4190, 269, 85, '2002-08-08', 28),
(4191, 264, 247, '2008-06-12', 43),
(4192, 121, 93, '2004-10-04', 23),
(4193, 274, 255, '2010-09-15', 28),
(4194, 426, 36, '2001-04-08', 43),
(4195, 34, 191, '2008-10-01', 27),
(4196, 478, 199, '2006-01-09', 14),
(4197, 12, 2, '2001-08-06', 5),
(4198, 472, 28, '2004-10-20', 19),
(4199, 99, 264, '2011-11-24', 44),
(4200, 102, 273, '2013-05-22', 11),
(4201, 491, 137, '2006-10-01', 43),
(4202, 73, 135, '2009-10-01', 31),
(4203, 331, 103, '2010-11-23', 42),
(4204, 487, 229, '2012-06-09', 50),
(4205, 46, 55, '2004-12-08', 46),
(4206, 120, 88, '2009-11-05', 9),
(4207, 165, 108, '2013-08-23', 41),
(4208, 408, 239, '2006-09-03', 48),
(4209, 43, 48, '2012-11-06', 49),
(4210, 91, 149, '2012-01-27', 43),
(4211, 319, 33, '2003-03-08', 17),
(4212, 485, 267, '2015-01-26', 20),
(4213, 307, 112, '2002-07-05', 21),
(4214, 13, 144, '2002-11-14', 29),
(4215, 127, 250, '2011-12-11', 42),
(4216, 315, 262, '2007-01-19', 14),
(4217, 220, 49, '2008-11-15', 9),
(4218, 268, 176, '2013-01-29', 30),
(4219, 459, 163, '2013-05-08', 10),
(4220, 352, 33, '2013-12-13', 29),
(4221, 42, 77, '2014-10-28', 7),
(4222, 420, 29, '2008-01-19', 26),
(4223, 317, 258, '2006-12-04', 18),
(4224, 391, 228, '2003-09-25', 45),
(4225, 296, 271, '2012-09-03', 24),
(4226, 359, 38, '2001-12-27', 7),
(4227, 36, 133, '2005-10-20', 23),
(4228, 400, 178, '2001-03-05', 31),
(4229, 261, 55, '2008-04-30', 49),
(4230, 245, 171, '2011-10-14', 10),
(4231, 104, 145, '2007-03-13', 25),
(4232, 271, 11, '2015-01-19', 19),
(4233, 286, 237, '2014-08-27', 32),
(4234, 16, 162, '2011-10-30', 28),
(4235, 384, 46, '2003-07-10', 41),
(4236, 315, 36, '2006-10-29', 35),
(4237, 309, 26, '2005-06-24', 32),
(4238, 203, 45, '2015-10-19', 41),
(4239, 375, 137, '2010-07-28', 25),
(4240, 371, 129, '2013-01-09', 33),
(4241, 79, 69, '2005-12-05', 42),
(4242, 43, 97, '2011-04-11', 33),
(4243, 310, 68, '2012-06-13', 41),
(4244, 192, 233, '2012-02-23', 37),
(4245, 251, 245, '2007-05-10', 8),
(4246, 43, 93, '2004-08-26', 4),
(4247, 341, 107, '2007-09-29', 37),
(4248, 53, 3, '2002-07-02', 7),
(4249, 140, 174, '2009-03-12', 47),
(4250, 226, 62, '2006-12-27', 23),
(4251, 462, 195, '2007-03-18', 16),
(4252, 309, 92, '2006-12-30', 4),
(4253, 35, 248, '2005-05-14', 40),
(4254, 455, 101, '2002-01-21', 9),
(4255, 233, 78, '2010-04-08', 18),
(4256, 197, 111, '2005-08-12', 48),
(4257, 382, 112, '2006-07-30', 38),
(4258, 296, 244, '2013-08-24', 22),
(4259, 355, 94, '2003-05-30', 23),
(4260, 285, 229, '2012-06-20', 40),
(4261, 165, 191, '2003-10-23', 33),
(4262, 319, 23, '2012-06-24', 17),
(4263, 341, 198, '2012-05-23', 29),
(4264, 69, 212, '2010-08-05', 1),
(4265, 327, 133, '2003-11-13', 3),
(4266, 287, 104, '2002-03-24', 42),
(4267, 87, 176, '2014-07-03', 34),
(4268, 80, 183, '2012-08-05', 7),
(4269, 444, 55, '2003-03-15', 15),
(4270, 77, 213, '2008-03-04', 2),
(4271, 233, 241, '2006-01-07', 42),
(4272, 435, 5, '2011-10-31', 4),
(4273, 37, 272, '2006-07-04', 38),
(4274, 302, 161, '2003-03-14', 38),
(4275, 90, 154, '2001-05-01', 34),
(4276, 337, 154, '2010-06-08', 24),
(4277, 259, 219, '2007-05-03', 29),
(4278, 124, 226, '2009-07-04', 15),
(4279, 270, 88, '2013-09-20', 1),
(4280, 485, 136, '2015-01-30', 2),
(4281, 73, 156, '2007-12-16', 5),
(4282, 159, 148, '2010-08-28', 6),
(4283, 483, 106, '2004-12-28', 4),
(4284, 415, 158, '2012-01-16', 21),
(4285, 433, 121, '2010-09-22', 44),
(4286, 140, 106, '2003-06-28', 5),
(4287, 405, 104, '2002-06-27', 49),
(4288, 281, 237, '2005-03-27', 12),
(4289, 83, 62, '2013-09-13', 21),
(4290, 434, 26, '2002-05-23', 49),
(4291, 293, 233, '2010-12-27', 20),
(4292, 62, 167, '2012-01-04', 49),
(4293, 216, 200, '2004-12-18', 16),
(4294, 333, 159, '2008-05-04', 14),
(4295, 462, 177, '2004-07-06', 5),
(4296, 4, 156, '2002-04-23', 30),
(4297, 41, 252, '2009-01-29', 17),
(4298, 176, 220, '2012-05-22', 21),
(4299, 255, 196, '2003-10-15', 38),
(4300, 30, 71, '2012-03-29', 40),
(4301, 273, 116, '2002-06-21', 38),
(4302, 386, 70, '2014-05-29', 3),
(4303, 142, 122, '2015-04-08', 31),
(4304, 404, 172, '2013-08-28', 8),
(4305, 316, 59, '2009-08-23', 43),
(4306, 82, 27, '2004-04-15', 30),
(4307, 337, 28, '2015-06-01', 41),
(4308, 478, 40, '2014-06-25', 39),
(4309, 7, 199, '2002-02-26', 13),
(4310, 273, 245, '2005-06-26', 5),
(4311, 351, 191, '2015-06-23', 34),
(4312, 28, 135, '2015-04-22', 48),
(4313, 356, 280, '2002-11-17', 28),
(4314, 293, 152, '2001-09-19', 21),
(4315, 226, 139, '2012-12-28', 17),
(4316, 386, 86, '2001-07-23', 12),
(4317, 33, 40, '2001-11-09', 48),
(4318, 73, 179, '2010-03-09', 14),
(4319, 59, 229, '2010-10-15', 45),
(4320, 428, 277, '2006-08-07', 22),
(4321, 401, 266, '2006-03-08', 5),
(4322, 313, 85, '2012-11-12', 3),
(4323, 494, 25, '2013-01-30', 5),
(4324, 319, 165, '2007-03-01', 7),
(4325, 168, 39, '2003-02-27', 27),
(4326, 158, 142, '2001-12-10', 4),
(4327, 269, 3, '2009-08-30', 14),
(4328, 233, 107, '2006-05-31', 8),
(4329, 371, 170, '2006-01-28', 47),
(4330, 55, 95, '2004-09-20', 17),
(4331, 430, 246, '2007-11-23', 6),
(4332, 499, 230, '2011-08-09', 3),
(4333, 107, 177, '2010-09-08', 1),
(4334, 61, 61, '2005-08-02', 17),
(4335, 283, 252, '2001-10-02', 5),
(4336, 440, 189, '2010-04-28', 11),
(4337, 357, 147, '2009-07-10', 18),
(4338, 182, 114, '2005-02-18', 19),
(4339, 374, 257, '2006-03-04', 23),
(4340, 398, 21, '2012-05-19', 45),
(4341, 218, 228, '2004-05-14', 13),
(4342, 294, 125, '2005-10-10', 50),
(4343, 228, 50, '2010-01-13', 38),
(4344, 428, 88, '2014-11-28', 20),
(4345, 59, 39, '2005-10-27', 12),
(4346, 130, 70, '2014-02-21', 40),
(4347, 178, 102, '2010-02-14', 46),
(4348, 366, 157, '2004-01-12', 12),
(4349, 406, 56, '2005-06-15', 8),
(4350, 367, 160, '2010-06-23', 34),
(4351, 314, 34, '2001-08-07', 42),
(4352, 23, 235, '2007-01-21', 1),
(4353, 62, 16, '2013-08-16', 44),
(4354, 233, 31, '2011-12-13', 22),
(4355, 425, 267, '2007-12-19', 26),
(4356, 222, 193, '2013-05-27', 8),
(4357, 229, 61, '2013-04-26', 23),
(4358, 261, 171, '2005-12-03', 46),
(4359, 328, 277, '2015-08-07', 25),
(4360, 166, 54, '2007-06-17', 26),
(4361, 112, 144, '2015-05-13', 41),
(4362, 257, 276, '2005-06-22', 12),
(4363, 427, 97, '2001-07-30', 31),
(4364, 196, 127, '2003-04-08', 26),
(4365, 349, 167, '2001-09-12', 21),
(4366, 107, 32, '2007-09-25', 24),
(4367, 250, 68, '2004-01-26', 50),
(4368, 275, 58, '2003-01-10', 37),
(4369, 318, 37, '2001-06-15', 49),
(4370, 298, 62, '2001-12-13', 47),
(4371, 45, 15, '2004-05-11', 5),
(4372, 215, 35, '2015-05-27', 49),
(4373, 384, 83, '2013-06-21', 5),
(4374, 250, 225, '2006-03-08', 15),
(4375, 408, 261, '2005-10-28', 4),
(4376, 485, 232, '2003-08-06', 34),
(4377, 494, 9, '2011-12-30', 9),
(4378, 82, 131, '2011-07-25', 43),
(4379, 224, 104, '2011-07-07', 18),
(4380, 72, 34, '2008-07-29', 42),
(4381, 134, 28, '2006-09-18', 50),
(4382, 150, 166, '2006-02-05', 34),
(4383, 296, 59, '2012-06-14', 30),
(4384, 396, 44, '2004-05-29', 13),
(4385, 260, 91, '2003-11-16', 47),
(4386, 336, 104, '2004-11-17', 8),
(4387, 237, 80, '2013-02-04', 29),
(4388, 200, 200, '2005-02-15', 16),
(4389, 393, 243, '2008-09-13', 37),
(4390, 474, 172, '2009-12-16', 5),
(4391, 197, 128, '2003-06-26', 47),
(4392, 248, 97, '2013-05-22', 38),
(4393, 462, 113, '2015-07-21', 37),
(4394, 115, 269, '2014-12-14', 21),
(4395, 361, 225, '2001-01-19', 28),
(4396, 170, 175, '2014-03-29', 38),
(4397, 292, 246, '2014-11-29', 25),
(4398, 261, 213, '2015-07-05', 45),
(4399, 267, 77, '2014-01-07', 46),
(4400, 108, 207, '2012-10-21', 36),
(4401, 97, 201, '2009-10-29', 43),
(4402, 465, 193, '2012-05-20', 21),
(4403, 145, 55, '2013-06-30', 43),
(4404, 106, 200, '2011-10-02', 18),
(4405, 281, 126, '2013-07-23', 26),
(4406, 375, 106, '2014-03-26', 26),
(4407, 91, 106, '2008-03-25', 10),
(4408, 224, 98, '2002-05-07', 5),
(4409, 96, 86, '2013-12-12', 12),
(4410, 179, 173, '2002-07-26', 28),
(4411, 227, 261, '2014-09-06', 2),
(4412, 287, 124, '2015-02-08', 19),
(4413, 291, 175, '2006-09-29', 36),
(4414, 116, 142, '2014-06-23', 6),
(4415, 249, 258, '2001-01-01', 10),
(4416, 152, 63, '2005-03-24', 5),
(4417, 41, 29, '2004-06-06', 32),
(4418, 415, 87, '2008-04-10', 21),
(4419, 367, 142, '2005-05-13', 15),
(4420, 341, 35, '2002-06-30', 47),
(4421, 289, 30, '2014-09-15', 50),
(4422, 413, 175, '2006-09-04', 45),
(4423, 351, 204, '2005-12-05', 45),
(4424, 43, 168, '2011-01-13', 37),
(4425, 273, 227, '2005-03-31', 47),
(4426, 388, 143, '2009-11-20', 32),
(4427, 8, 164, '2010-07-01', 29),
(4428, 473, 160, '2003-05-31', 34),
(4429, 271, 192, '2002-08-30', 34),
(4430, 8, 1, '2014-03-02', 1),
(4431, 257, 264, '2003-03-29', 35),
(4432, 56, 243, '2007-07-06', 35),
(4433, 239, 123, '2013-09-08', 17),
(4434, 199, 241, '2015-07-12', 7),
(4435, 140, 156, '2005-09-28', 5),
(4436, 232, 222, '2006-02-13', 13),
(4437, 94, 159, '2002-03-21', 32),
(4438, 477, 242, '2011-06-09', 22),
(4439, 43, 248, '2008-01-16', 23),
(4440, 65, 14, '2002-04-05', 14),
(4441, 55, 225, '2014-08-20', 3),
(4442, 223, 57, '2002-03-19', 9),
(4443, 56, 28, '2012-05-29', 15),
(4444, 322, 245, '2012-12-25', 3),
(4445, 95, 166, '2008-03-11', 45),
(4446, 155, 208, '2011-02-27', 18),
(4447, 86, 84, '2014-07-11', 5),
(4448, 352, 9, '2001-03-31', 14),
(4449, 135, 22, '2001-09-30', 49),
(4450, 426, 234, '2013-05-08', 35),
(4451, 309, 200, '2009-03-11', 27),
(4452, 343, 174, '2012-12-21', 45),
(4453, 209, 208, '2001-05-08', 17),
(4454, 494, 152, '2003-12-12', 48),
(4455, 183, 203, '2005-09-21', 10),
(4456, 429, 71, '2008-12-24', 26),
(4457, 180, 94, '2010-07-29', 28),
(4458, 205, 166, '2005-02-26', 18),
(4459, 401, 13, '2010-03-28', 2),
(4460, 373, 6, '2011-04-23', 5),
(4461, 486, 270, '2008-10-02', 41),
(4462, 179, 66, '2004-05-13', 8),
(4463, 437, 109, '2015-03-19', 31),
(4464, 362, 248, '2011-04-22', 31),
(4465, 231, 262, '2003-11-12', 12),
(4466, 409, 103, '2004-03-14', 46),
(4467, 337, 97, '2011-04-19', 21),
(4468, 131, 53, '2010-09-15', 22),
(4469, 332, 203, '2003-01-16', 43),
(4470, 500, 67, '2013-03-14', 12),
(4471, 77, 47, '2010-09-09', 21),
(4472, 308, 145, '2002-10-13', 36),
(4473, 435, 56, '2008-11-11', 49),
(4474, 303, 225, '2001-06-07', 38),
(4475, 147, 133, '2009-05-23', 41),
(4476, 183, 71, '2003-06-06', 2),
(4477, 463, 42, '2011-05-18', 41),
(4478, 98, 142, '2011-03-22', 22),
(4479, 303, 32, '2002-08-30', 15),
(4480, 268, 274, '2004-11-16', 7),
(4481, 50, 259, '2011-12-14', 28),
(4482, 86, 17, '2012-02-10', 1),
(4483, 467, 250, '2011-03-27', 31),
(4484, 219, 31, '2006-01-05', 18),
(4485, 315, 140, '2001-02-26', 15),
(4486, 255, 214, '2013-06-03', 6),
(4487, 418, 44, '2004-06-25', 13),
(4488, 370, 130, '2014-10-15', 33),
(4489, 365, 177, '2007-08-03', 45),
(4490, 76, 141, '2013-12-03', 23),
(4491, 363, 221, '2012-07-31', 37),
(4492, 343, 74, '2011-11-11', 30),
(4493, 237, 72, '2014-03-20', 1),
(4494, 325, 155, '2011-04-29', 38),
(4495, 299, 90, '2011-03-22', 50),
(4496, 278, 200, '2004-11-08', 8),
(4497, 406, 261, '2013-07-04', 33),
(4498, 446, 244, '2011-01-02', 43),
(4499, 39, 83, '2002-12-12', 29),
(4500, 417, 185, '2004-02-12', 17),
(4501, 451, 22, '2005-04-21', 29),
(4502, 138, 141, '2002-07-24', 12),
(4503, 225, 258, '2014-08-10', 12),
(4504, 227, 69, '2009-10-11', 17),
(4505, 303, 130, '2002-11-08', 35),
(4506, 374, 150, '2005-08-16', 28),
(4507, 10, 199, '2009-10-16', 50),
(4508, 483, 52, '2015-12-25', 33),
(4509, 324, 33, '2009-01-21', 31),
(4510, 162, 123, '2012-05-31', 44),
(4511, 200, 13, '2008-04-14', 50),
(4512, 359, 76, '2014-01-25', 18),
(4513, 326, 275, '2014-01-27', 42),
(4514, 211, 116, '2002-07-19', 25),
(4515, 480, 203, '2011-06-11', 3),
(4516, 242, 180, '2011-06-03', 9),
(4517, 386, 177, '2009-09-10', 18),
(4518, 48, 231, '2001-12-21', 8),
(4519, 325, 189, '2005-04-29', 26),
(4520, 412, 160, '2004-02-28', 45),
(4521, 196, 117, '2007-01-23', 49),
(4522, 157, 185, '2002-09-08', 6),
(4523, 462, 117, '2002-12-22', 9),
(4524, 283, 173, '2010-09-26', 45),
(4525, 217, 96, '2014-01-13', 15),
(4526, 92, 276, '2003-10-06', 22),
(4527, 264, 6, '2015-08-07', 32),
(4528, 250, 275, '2005-12-18', 27),
(4529, 249, 82, '2011-10-15', 17),
(4530, 482, 36, '2006-07-31', 24),
(4531, 76, 241, '2011-04-28', 32),
(4532, 322, 233, '2011-01-24', 18),
(4533, 455, 225, '2004-10-14', 37),
(4534, 354, 56, '2012-06-19', 29),
(4535, 338, 227, '2003-04-02', 11),
(4536, 34, 74, '2004-12-24', 37),
(4537, 314, 201, '2006-06-23', 7),
(4538, 236, 217, '2005-10-16', 32),
(4539, 402, 216, '2009-01-22', 13);
INSERT INTO `purchases` (`purchase_ID`, `customer_ID`, `wine_ID`, `date_of_purchase`, `amount_of_purchase`) VALUES
(4540, 249, 128, '2013-04-05', 49),
(4541, 357, 279, '2004-03-18', 17),
(4542, 37, 90, '2012-07-08', 45),
(4543, 357, 265, '2007-10-18', 27),
(4544, 136, 71, '2014-12-17', 8),
(4545, 478, 142, '2010-08-09', 21),
(4546, 476, 191, '2001-04-16', 42),
(4547, 90, 138, '2013-08-10', 5),
(4548, 230, 210, '2006-06-27', 11),
(4549, 446, 72, '2012-07-19', 9),
(4550, 125, 134, '2006-12-23', 31),
(4551, 409, 267, '2008-06-12', 4),
(4552, 107, 225, '2003-12-14', 33),
(4553, 385, 60, '2003-03-02', 43),
(4554, 89, 202, '2001-01-04', 32),
(4555, 404, 29, '2014-11-02', 48),
(4556, 138, 116, '2003-01-13', 9),
(4557, 147, 89, '2010-05-18', 18),
(4558, 103, 258, '2003-01-13', 46),
(4559, 16, 257, '2008-01-17', 44),
(4560, 198, 24, '2001-03-07', 21),
(4561, 86, 145, '2014-11-13', 28),
(4562, 85, 65, '2006-04-25', 41),
(4563, 68, 154, '2004-01-28', 40),
(4564, 315, 97, '2004-09-06', 22),
(4565, 117, 12, '2011-11-25', 13),
(4566, 451, 4, '2008-04-19', 7),
(4567, 59, 100, '2013-02-25', 22),
(4568, 260, 187, '2009-11-08', 5),
(4569, 237, 261, '2004-06-24', 28),
(4570, 65, 47, '2004-03-17', 34),
(4571, 287, 1, '2013-08-31', 8),
(4572, 30, 134, '2009-11-08', 41),
(4573, 196, 78, '2005-03-22', 30),
(4574, 42, 259, '2003-08-26', 36),
(4575, 200, 57, '2001-12-01', 31),
(4576, 460, 47, '2002-05-01', 31),
(4577, 142, 62, '2012-07-01', 47),
(4578, 59, 76, '2003-07-19', 5),
(4579, 313, 78, '2004-06-16', 27),
(4580, 18, 5, '2003-09-26', 2),
(4581, 397, 69, '2009-10-02', 33),
(4582, 143, 209, '2010-11-04', 44),
(4583, 132, 193, '2006-04-20', 17),
(4584, 178, 36, '2005-03-28', 29),
(4585, 307, 124, '2015-05-22', 5),
(4586, 107, 8, '2007-12-23', 38),
(4587, 74, 166, '2008-01-30', 18),
(4588, 312, 172, '2002-07-05', 11),
(4589, 312, 52, '2007-01-01', 38),
(4590, 146, 259, '2013-07-15', 21),
(4591, 367, 264, '2009-12-18', 24),
(4592, 442, 252, '2005-02-15', 33),
(4593, 180, 105, '2005-07-09', 9),
(4594, 174, 53, '2013-10-09', 31),
(4595, 200, 105, '2013-02-01', 14),
(4596, 304, 216, '2001-01-27', 43),
(4597, 242, 5, '2002-03-08', 32),
(4598, 82, 64, '2015-10-09', 27),
(4599, 189, 233, '2015-03-23', 47),
(4600, 29, 174, '2003-07-30', 37),
(4601, 170, 144, '2003-08-17', 9),
(4602, 93, 254, '2014-11-09', 40),
(4603, 340, 41, '2013-10-31', 24),
(4604, 149, 193, '2004-08-12', 24),
(4605, 330, 161, '2010-05-10', 1),
(4606, 293, 35, '2001-01-12', 46),
(4607, 146, 270, '2015-08-29', 39),
(4608, 179, 123, '2008-09-29', 20),
(4609, 176, 30, '2004-05-20', 17),
(4610, 42, 227, '2011-03-11', 2),
(4611, 435, 126, '2009-08-27', 5),
(4612, 148, 56, '2010-09-05', 47),
(4613, 78, 96, '2011-04-17', 18),
(4614, 184, 147, '2006-03-08', 42),
(4615, 34, 122, '2009-09-09', 14),
(4616, 27, 40, '2007-09-04', 24),
(4617, 71, 24, '2001-04-19', 22),
(4618, 414, 267, '2009-08-29', 23),
(4619, 181, 192, '2004-06-26', 42),
(4620, 419, 155, '2014-06-02', 40),
(4621, 275, 15, '2012-08-17', 25),
(4622, 149, 51, '2008-07-01', 9),
(4623, 394, 71, '2013-02-12', 18),
(4624, 387, 153, '2006-11-07', 47),
(4625, 322, 160, '2003-05-19', 13),
(4626, 80, 175, '2008-07-24', 25),
(4627, 285, 83, '2003-09-01', 36),
(4628, 8, 85, '2007-08-21', 17),
(4629, 248, 144, '2003-04-21', 2),
(4630, 406, 133, '2015-02-08', 10),
(4631, 340, 56, '2001-11-17', 22),
(4632, 394, 264, '2007-12-13', 8),
(4633, 329, 118, '2014-11-07', 19),
(4634, 278, 141, '2009-06-27', 39),
(4635, 321, 219, '2008-01-16', 6),
(4636, 333, 52, '2002-12-29', 45),
(4637, 424, 123, '2002-03-01', 31),
(4638, 397, 151, '2007-07-30', 23),
(4639, 100, 126, '2004-12-14', 1),
(4640, 224, 64, '2007-03-16', 29),
(4641, 116, 224, '2002-01-15', 14),
(4642, 112, 212, '2009-12-18', 1),
(4643, 448, 97, '2009-08-18', 19),
(4644, 176, 254, '2005-05-20', 33),
(4645, 428, 184, '2013-05-07', 32),
(4646, 360, 55, '2009-01-20', 44),
(4647, 244, 5, '2003-08-03', 32),
(4648, 108, 43, '2014-07-22', 49),
(4649, 410, 221, '2004-11-25', 44),
(4650, 16, 129, '2014-07-18', 45),
(4651, 184, 196, '2005-09-29', 3),
(4652, 54, 149, '2009-04-04', 40),
(4653, 357, 223, '2005-11-05', 32),
(4654, 277, 95, '2001-02-26', 32),
(4655, 175, 190, '2013-05-14', 46),
(4656, 50, 70, '2008-06-19', 44),
(4657, 168, 276, '2012-03-11', 4),
(4658, 183, 241, '2012-11-25', 6),
(4659, 303, 35, '2005-05-19', 32),
(4660, 58, 34, '2003-01-12', 11),
(4661, 469, 265, '2001-01-01', 49),
(4662, 96, 190, '2011-12-25', 18),
(4663, 496, 237, '2012-06-12', 9),
(4664, 436, 58, '2015-07-06', 22),
(4665, 215, 277, '2011-08-20', 30),
(4666, 289, 62, '2001-08-18', 28),
(4667, 303, 121, '2002-10-29', 9),
(4668, 336, 70, '2011-08-13', 36),
(4669, 170, 250, '2014-08-19', 24),
(4670, 286, 62, '2001-07-17', 34),
(4671, 220, 130, '2008-09-26', 10),
(4672, 243, 66, '2012-02-22', 5),
(4673, 247, 147, '2009-05-11', 12),
(4674, 312, 51, '2001-01-31', 21),
(4675, 499, 149, '2014-06-25', 4),
(4676, 89, 223, '2009-10-03', 45),
(4677, 481, 118, '2006-05-05', 50),
(4678, 239, 19, '2013-12-02', 22),
(4679, 205, 144, '2013-04-02', 10),
(4680, 295, 238, '2004-12-31', 16),
(4681, 20, 240, '2002-07-18', 18),
(4682, 453, 43, '2013-11-23', 20),
(4683, 281, 154, '2003-02-13', 29),
(4684, 29, 160, '2001-03-07', 5),
(4685, 14, 63, '2007-01-06', 9),
(4686, 59, 178, '2010-12-11', 34),
(4687, 185, 109, '2008-12-02', 39),
(4688, 316, 2, '2012-10-10', 13),
(4689, 439, 251, '2005-01-09', 7),
(4690, 207, 3, '2015-01-16', 8),
(4691, 495, 202, '2007-05-10', 26),
(4692, 354, 100, '2015-03-07', 29),
(4693, 237, 263, '2013-11-03', 3),
(4694, 188, 79, '2001-02-02', 21),
(4695, 47, 122, '2013-01-06', 10),
(4696, 429, 255, '2005-09-29', 14),
(4697, 78, 170, '2005-08-31', 3),
(4698, 33, 251, '2010-07-10', 15),
(4699, 97, 104, '2003-10-31', 20),
(4700, 188, 35, '2010-11-19', 43),
(4701, 107, 166, '2014-04-06', 39),
(4702, 4, 107, '2001-01-24', 31),
(4703, 481, 268, '2001-09-26', 46),
(4704, 489, 49, '2012-07-31', 6),
(4705, 452, 91, '2010-12-18', 18),
(4706, 371, 179, '2006-08-01', 26),
(4707, 457, 2, '2007-03-26', 41),
(4708, 15, 142, '2012-05-13', 26),
(4709, 413, 131, '2014-06-05', 37),
(4710, 170, 176, '2013-12-10', 2),
(4711, 177, 1, '2005-08-17', 47),
(4712, 121, 183, '2001-10-02', 12),
(4713, 85, 166, '2005-12-14', 13),
(4714, 258, 131, '2001-07-26', 46),
(4715, 33, 143, '2013-05-05', 35),
(4716, 180, 99, '2008-10-20', 38),
(4717, 338, 266, '2015-12-01', 36),
(4718, 481, 214, '2013-10-06', 37),
(4719, 111, 8, '2011-11-14', 30),
(4720, 473, 82, '2015-04-12', 24),
(4721, 47, 149, '2007-11-23', 19),
(4722, 59, 150, '2008-07-07', 22),
(4723, 231, 12, '2009-04-07', 24),
(4724, 415, 32, '2003-10-13', 47),
(4725, 241, 130, '2013-10-08', 33),
(4726, 463, 76, '2011-04-16', 14),
(4727, 16, 267, '2014-01-11', 49),
(4728, 66, 14, '2014-04-17', 34),
(4729, 305, 13, '2008-01-01', 49),
(4730, 16, 257, '2014-10-10', 44),
(4731, 163, 7, '2014-03-08', 18),
(4732, 110, 139, '2009-06-08', 41),
(4733, 50, 219, '2004-11-01', 36),
(4734, 466, 80, '2002-07-04', 36),
(4735, 350, 35, '2013-02-09', 30),
(4736, 135, 22, '2005-08-12', 19),
(4737, 393, 30, '2004-11-02', 10),
(4738, 36, 115, '2015-03-18', 23),
(4739, 202, 215, '2008-09-11', 32),
(4740, 370, 262, '2013-06-24', 1),
(4741, 430, 54, '2013-07-26', 2),
(4742, 5, 145, '2004-11-22', 30),
(4743, 249, 137, '2006-05-30', 16),
(4744, 214, 254, '2004-05-06', 24),
(4745, 176, 114, '2012-11-21', 43),
(4746, 380, 61, '2015-04-20', 38),
(4747, 79, 259, '2013-12-14', 33),
(4748, 427, 9, '2012-08-05', 28),
(4749, 324, 151, '2004-12-22', 29),
(4750, 285, 68, '2013-06-06', 50),
(4751, 500, 61, '2011-02-10', 32),
(4752, 396, 182, '2006-01-01', 39),
(4753, 187, 108, '2012-08-25', 20),
(4754, 185, 66, '2005-05-03', 15),
(4755, 25, 129, '2010-01-02', 13),
(4756, 280, 11, '2004-06-07', 13),
(4757, 372, 256, '2002-03-01', 6),
(4758, 181, 14, '2009-05-29', 13),
(4759, 79, 230, '2015-05-14', 45),
(4760, 50, 173, '2007-05-05', 37),
(4761, 249, 135, '2009-09-02', 40),
(4762, 117, 184, '2015-12-09', 13),
(4763, 265, 14, '2007-08-20', 24),
(4764, 302, 30, '2001-06-11', 17),
(4765, 5, 58, '2013-04-11', 12),
(4766, 104, 206, '2002-06-14', 48),
(4767, 181, 188, '2007-11-11', 38),
(4768, 384, 133, '2010-07-31', 9),
(4769, 268, 231, '2004-05-01', 8),
(4770, 248, 18, '2014-12-23', 4),
(4771, 146, 111, '2012-11-18', 30),
(4772, 435, 35, '2009-09-14', 22),
(4773, 284, 209, '2006-07-05', 36),
(4774, 6, 125, '2001-11-20', 12),
(4775, 500, 14, '2002-01-25', 24),
(4776, 224, 162, '2012-10-20', 41),
(4777, 292, 234, '2002-04-09', 35),
(4778, 126, 1, '2003-04-18', 41),
(4779, 256, 209, '2007-07-16', 44),
(4780, 193, 142, '2005-07-22', 46),
(4781, 231, 171, '2006-04-20', 50),
(4782, 260, 101, '2004-05-27', 16),
(4783, 434, 29, '2013-10-02', 39),
(4784, 277, 105, '2010-08-04', 28),
(4785, 47, 27, '2013-03-31', 30),
(4786, 197, 9, '2009-09-18', 8),
(4787, 491, 33, '2004-11-05', 32),
(4788, 152, 215, '2010-05-10', 22),
(4789, 125, 76, '2004-08-06', 50),
(4790, 389, 71, '2009-06-23', 19),
(4791, 316, 233, '2009-03-18', 14),
(4792, 58, 36, '2015-03-23', 12),
(4793, 356, 249, '2013-03-15', 19),
(4794, 293, 134, '2009-03-23', 9),
(4795, 306, 78, '2002-07-04', 1),
(4796, 250, 174, '2008-01-12', 11),
(4797, 84, 218, '2002-06-24', 3),
(4798, 417, 185, '2015-05-16', 22),
(4799, 195, 202, '2011-04-06', 49),
(4800, 56, 14, '2002-10-26', 5),
(4801, 459, 112, '2003-02-09', 26),
(4802, 53, 176, '2009-09-10', 50),
(4803, 405, 228, '2012-06-15', 41),
(4804, 41, 216, '2013-03-31', 15),
(4805, 243, 257, '2014-06-03', 1),
(4806, 3, 124, '2010-03-27', 42),
(4807, 13, 155, '2003-05-26', 2),
(4808, 126, 111, '2005-05-29', 5),
(4809, 32, 197, '2004-09-19', 32),
(4810, 206, 149, '2007-02-25', 28),
(4811, 272, 19, '2006-08-05', 4),
(4812, 226, 177, '2009-04-20', 28),
(4813, 377, 218, '2004-09-04', 20),
(4814, 308, 23, '2012-05-31', 21),
(4815, 162, 126, '2011-11-26', 33),
(4816, 285, 6, '2014-01-14', 17),
(4817, 167, 140, '2013-03-22', 10),
(4818, 283, 180, '2001-06-10', 23),
(4819, 210, 151, '2008-10-08', 4),
(4820, 327, 21, '2003-12-17', 5),
(4821, 140, 158, '2002-05-26', 38),
(4822, 164, 253, '2012-07-26', 35),
(4823, 376, 224, '2003-06-27', 6),
(4824, 65, 242, '2006-01-30', 18),
(4825, 66, 184, '2012-08-06', 48),
(4826, 24, 73, '2015-11-01', 20),
(4827, 258, 43, '2010-04-06', 26),
(4828, 84, 74, '2006-11-20', 18),
(4829, 59, 29, '2015-07-31', 46),
(4830, 310, 6, '2004-09-10', 27),
(4831, 302, 145, '2001-02-03', 19),
(4832, 251, 95, '2010-09-17', 15),
(4833, 353, 37, '2004-02-15', 14),
(4834, 475, 47, '2012-06-17', 16),
(4835, 182, 44, '2012-07-22', 30),
(4836, 365, 37, '2007-06-08', 6),
(4837, 7, 60, '2007-06-04', 45),
(4838, 152, 263, '2005-10-15', 28),
(4839, 38, 108, '2014-02-07', 39),
(4840, 350, 256, '2001-03-15', 44),
(4841, 153, 177, '2004-03-25', 34),
(4842, 496, 182, '2010-11-01', 22),
(4843, 375, 64, '2014-09-24', 21),
(4844, 419, 5, '2006-01-06', 31),
(4845, 55, 221, '2006-03-09', 10),
(4846, 6, 150, '2002-03-27', 25),
(4847, 97, 108, '2011-01-30', 27),
(4848, 194, 72, '2007-05-28', 33),
(4849, 236, 193, '2002-12-26', 36),
(4850, 483, 49, '2013-10-09', 46),
(4851, 421, 6, '2005-02-05', 46),
(4852, 266, 25, '2007-05-31', 25),
(4853, 313, 280, '2014-05-23', 19),
(4854, 238, 132, '2011-04-20', 30),
(4855, 491, 107, '2010-03-02', 39),
(4856, 21, 250, '2012-06-10', 9),
(4857, 79, 41, '2010-02-22', 5),
(4858, 77, 127, '2006-08-11', 46),
(4859, 153, 251, '2007-10-29', 27),
(4860, 220, 169, '2011-07-29', 21),
(4861, 22, 31, '2015-02-12', 27),
(4862, 411, 133, '2012-03-31', 5),
(4863, 392, 144, '2007-04-03', 13),
(4864, 120, 249, '2011-07-03', 21),
(4865, 72, 31, '2014-09-11', 14),
(4866, 168, 20, '2001-12-15', 19),
(4867, 350, 6, '2008-02-25', 46),
(4868, 159, 9, '2014-12-06', 31),
(4869, 119, 109, '2009-06-03', 39),
(4870, 227, 233, '2010-01-15', 27),
(4871, 49, 57, '2008-09-06', 31),
(4872, 282, 128, '2010-06-06', 34),
(4873, 367, 264, '2013-02-02', 50),
(4874, 95, 65, '2008-01-14', 24),
(4875, 405, 14, '2015-06-30', 6),
(4876, 398, 169, '2013-09-18', 37),
(4877, 189, 63, '2003-09-09', 7),
(4878, 200, 171, '2004-05-31', 11),
(4879, 339, 90, '2003-05-05', 22),
(4880, 17, 27, '2008-12-09', 13),
(4881, 62, 240, '2015-06-24', 14),
(4882, 233, 223, '2002-06-10', 46),
(4883, 93, 119, '2010-11-26', 26),
(4884, 285, 213, '2003-09-17', 2),
(4885, 140, 50, '2004-10-29', 30),
(4886, 454, 252, '2002-03-10', 37),
(4887, 486, 234, '2003-07-08', 31),
(4888, 283, 16, '2009-11-24', 26),
(4889, 283, 64, '2002-11-27', 35),
(4890, 484, 31, '2001-07-06', 45),
(4891, 467, 227, '2006-01-05', 11),
(4892, 129, 71, '2011-04-05', 4),
(4893, 141, 144, '2011-03-31', 25),
(4894, 406, 124, '2006-04-07', 29),
(4895, 310, 220, '2009-02-20', 45),
(4896, 338, 235, '2003-06-02', 10),
(4897, 172, 84, '2004-01-03', 27),
(4898, 274, 136, '2001-10-05', 4),
(4899, 195, 56, '2007-11-29', 31),
(4900, 278, 251, '2006-03-15', 12),
(4901, 421, 266, '2007-01-25', 17),
(4902, 291, 154, '2015-03-05', 7),
(4903, 386, 110, '2003-12-30', 39),
(4904, 218, 76, '2006-10-20', 38),
(4905, 397, 10, '2008-12-02', 7),
(4906, 464, 158, '2003-10-26', 3),
(4907, 30, 67, '2004-05-24', 38),
(4908, 95, 188, '2004-04-19', 13),
(4909, 174, 23, '2012-05-11', 41),
(4910, 277, 68, '2014-04-13', 17),
(4911, 157, 277, '2011-08-25', 29),
(4912, 348, 98, '2008-05-12', 42),
(4913, 389, 247, '2012-03-27', 19),
(4914, 66, 110, '2007-04-23', 43),
(4915, 63, 150, '2004-03-25', 36),
(4916, 345, 275, '2006-09-25', 35),
(4917, 160, 72, '2005-05-17', 11),
(4918, 291, 264, '2006-10-05', 24),
(4919, 344, 97, '2012-09-06', 39),
(4920, 478, 116, '2001-10-08', 34),
(4921, 148, 2, '2004-03-16', 24),
(4922, 175, 271, '2009-10-07', 22),
(4923, 402, 148, '2004-08-04', 17),
(4924, 86, 261, '2013-09-28', 17),
(4925, 357, 59, '2008-11-20', 9),
(4926, 316, 13, '2014-04-04', 6),
(4927, 407, 100, '2011-11-06', 43),
(4928, 366, 136, '2014-02-24', 50),
(4929, 422, 81, '2005-09-15', 5),
(4930, 322, 64, '2008-07-11', 26),
(4931, 488, 84, '2009-12-18', 21),
(4932, 228, 101, '2011-05-03', 48),
(4933, 220, 30, '2010-10-13', 35),
(4934, 237, 57, '2013-10-26', 28),
(4935, 346, 190, '2002-10-01', 46),
(4936, 325, 164, '2005-10-08', 23),
(4937, 25, 142, '2012-08-15', 39),
(4938, 327, 144, '2009-07-25', 33),
(4939, 126, 66, '2003-07-18', 44),
(4940, 97, 267, '2014-05-10', 2),
(4941, 276, 142, '2010-11-14', 31),
(4942, 270, 5, '2011-02-12', 45),
(4943, 411, 141, '2008-06-06', 19),
(4944, 117, 47, '2002-05-05', 35),
(4945, 143, 183, '2011-01-20', 46),
(4946, 228, 4, '2004-08-30', 48),
(4947, 460, 26, '2001-11-19', 25),
(4948, 82, 243, '2008-05-24', 41),
(4949, 69, 184, '2006-06-30', 20),
(4950, 156, 52, '2012-01-12', 33),
(4951, 104, 152, '2015-08-07', 40),
(4952, 212, 5, '2014-06-15', 40),
(4953, 3, 21, '2006-07-10', 11),
(4954, 439, 76, '2004-02-22', 18),
(4955, 117, 127, '2010-12-12', 27),
(4956, 424, 214, '2005-09-26', 33),
(4957, 496, 112, '2007-01-25', 34),
(4958, 46, 62, '2013-05-28', 2),
(4959, 327, 38, '2012-11-02', 10),
(4960, 225, 171, '2001-09-17', 12),
(4961, 255, 78, '2011-02-13', 3),
(4962, 435, 247, '2006-11-04', 38),
(4963, 137, 23, '2003-06-27', 16),
(4964, 27, 217, '2015-11-26', 28),
(4965, 204, 220, '2009-08-11', 19),
(4966, 99, 42, '2014-12-03', 20),
(4967, 21, 263, '2015-08-29', 24),
(4968, 414, 224, '2010-06-15', 41),
(4969, 247, 69, '2005-12-18', 44),
(4970, 295, 96, '2010-03-15', 29),
(4971, 40, 245, '2013-01-13', 32),
(4972, 109, 274, '2015-04-11', 7),
(4973, 287, 51, '2013-04-12', 42),
(4974, 32, 127, '2007-12-24', 35),
(4975, 412, 65, '2015-12-29', 32),
(4976, 85, 123, '2011-09-07', 11),
(4977, 33, 33, '2005-10-22', 46),
(4978, 236, 145, '2005-08-06', 26),
(4979, 129, 111, '2007-11-13', 28),
(4980, 218, 140, '2009-11-11', 15),
(4981, 202, 102, '2011-03-31', 35),
(4982, 190, 232, '2004-12-01', 50),
(4983, 305, 182, '2007-11-28', 50),
(4984, 306, 274, '2009-06-23', 8),
(4985, 60, 222, '2007-07-07', 48),
(4986, 416, 59, '2009-08-14', 47),
(4987, 411, 106, '2011-09-25', 13),
(4988, 98, 255, '2013-05-22', 6),
(4989, 43, 150, '2001-04-05', 46),
(4990, 191, 20, '2001-06-03', 35),
(4991, 89, 193, '2007-12-14', 23),
(4992, 307, 167, '2005-04-26', 44),
(4993, 260, 173, '2007-03-13', 37),
(4994, 308, 37, '2011-11-28', 46),
(4995, 88, 183, '2001-04-22', 5),
(4996, 64, 136, '2008-03-03', 15),
(4997, 188, 134, '2005-08-29', 14),
(4998, 45, 240, '2003-03-05', 32),
(4999, 373, 51, '2001-10-31', 36),
(5000, 221, 151, '2003-08-14', 15),
(5001, 254, 88, '2002-09-22', 25),
(5002, 45, 241, '2003-09-02', 38),
(5003, 459, 276, '2004-06-20', 28),
(5004, 6, 215, '2005-10-01', 35),
(5005, 489, 132, '2005-07-19', 29),
(5006, 450, 78, '2008-09-14', 36),
(5007, 167, 163, '2014-01-16', 9),
(5008, 481, 167, '2013-10-17', 37),
(5009, 187, 218, '2011-01-24', 27),
(5010, 255, 28, '2010-12-08', 35),
(5011, 203, 150, '2001-12-07', 5),
(5012, 46, 20, '2010-09-27', 35),
(5013, 185, 211, '2012-08-28', 3),
(5014, 320, 36, '2014-05-18', 24),
(5015, 249, 259, '2011-05-05', 16),
(5016, 61, 256, '2002-10-13', 6),
(5017, 383, 264, '2006-11-08', 45),
(5018, 422, 262, '2013-09-07', 50),
(5019, 406, 35, '2005-02-14', 41),
(5020, 143, 205, '2006-06-21', 32),
(5021, 355, 237, '2013-02-06', 18),
(5022, 69, 180, '2006-09-23', 22),
(5023, 414, 96, '2004-05-10', 50),
(5024, 277, 242, '2011-09-28', 15),
(5025, 363, 143, '2014-04-22', 34),
(5026, 378, 5, '2002-05-08', 48),
(5027, 100, 7, '2014-03-05', 6),
(5028, 31, 65, '2004-08-13', 43),
(5029, 233, 91, '2002-07-20', 48),
(5030, 1, 236, '2010-06-19', 47),
(5031, 438, 162, '2015-07-06', 28),
(5032, 312, 140, '2005-08-29', 17),
(5033, 248, 246, '2011-06-15', 31),
(5034, 16, 76, '2006-08-09', 39),
(5035, 97, 149, '2009-12-29', 16),
(5036, 489, 156, '2010-01-15', 11),
(5037, 400, 16, '2002-04-26', 21),
(5038, 84, 50, '2011-07-13', 35),
(5039, 206, 249, '2012-07-09', 20),
(5040, 12, 135, '2009-11-26', 41),
(5041, 131, 173, '2005-08-24', 21),
(5042, 301, 179, '2003-11-18', 4),
(5043, 434, 223, '2012-01-28', 31),
(5044, 91, 48, '2001-12-01', 11),
(5045, 422, 144, '2007-12-07', 14),
(5046, 8, 234, '2015-10-18', 2),
(5047, 132, 176, '2008-03-19', 42),
(5048, 244, 274, '2014-12-30', 24),
(5049, 374, 47, '2012-11-20', 11),
(5050, 395, 153, '2005-12-26', 21),
(5051, 498, 228, '2014-04-21', 49),
(5052, 131, 197, '2003-12-29', 41),
(5053, 189, 59, '2010-10-06', 44),
(5054, 139, 175, '2014-11-04', 50),
(5055, 217, 63, '2015-01-22', 18),
(5056, 468, 95, '2003-11-26', 13),
(5057, 301, 81, '2012-09-09', 28),
(5058, 223, 264, '2013-09-11', 15),
(5059, 85, 229, '2011-02-01', 36),
(5060, 353, 171, '2003-12-12', 45),
(5061, 28, 75, '2011-03-21', 14),
(5062, 382, 257, '2008-05-24', 7),
(5063, 45, 273, '2012-07-13', 41),
(5064, 333, 214, '2013-05-12', 4),
(5065, 185, 91, '2002-11-01', 38),
(5066, 323, 266, '2007-09-18', 38),
(5067, 194, 200, '2005-01-08', 42),
(5068, 63, 42, '2005-12-06', 37),
(5069, 351, 210, '2013-10-27', 8),
(5070, 38, 265, '2009-08-08', 21),
(5071, 17, 67, '2004-08-31', 50),
(5072, 119, 247, '2001-07-31', 10),
(5073, 265, 246, '2011-09-08', 39),
(5074, 47, 17, '2009-11-02', 5),
(5075, 54, 40, '2010-08-19', 7),
(5076, 307, 193, '2015-10-15', 21),
(5077, 7, 194, '2010-12-25', 7),
(5078, 189, 249, '2009-02-20', 12),
(5079, 324, 266, '2006-10-28', 50),
(5080, 438, 93, '2015-06-04', 41),
(5081, 194, 196, '2004-04-21', 35),
(5082, 23, 258, '2015-05-09', 42),
(5083, 453, 81, '2014-08-31', 27),
(5084, 216, 17, '2004-04-24', 21),
(5085, 429, 215, '2015-03-30', 20),
(5086, 363, 107, '2001-11-13', 37),
(5087, 499, 236, '2008-03-22', 26),
(5088, 494, 186, '2014-05-12', 3),
(5089, 341, 71, '2006-01-02', 28),
(5090, 488, 165, '2002-05-25', 26),
(5091, 65, 210, '2002-11-09', 6),
(5092, 367, 128, '2003-06-15', 14),
(5093, 195, 74, '2012-09-18', 10),
(5094, 123, 171, '2005-06-19', 35),
(5095, 19, 88, '2008-05-19', 33),
(5096, 277, 85, '2011-12-04', 28),
(5097, 98, 220, '2010-02-28', 44),
(5098, 179, 124, '2014-05-04', 26),
(5099, 473, 165, '2006-02-20', 16),
(5100, 492, 71, '2008-12-02', 5),
(5101, 276, 245, '2012-01-24', 25),
(5102, 55, 119, '2015-03-09', 49),
(5103, 73, 126, '2011-05-08', 10),
(5104, 358, 138, '2005-11-15', 8),
(5105, 354, 231, '2012-10-10', 13),
(5106, 429, 88, '2009-10-18', 19),
(5107, 301, 181, '2004-07-08', 34),
(5108, 293, 159, '2007-04-18', 36),
(5109, 67, 139, '2005-11-04', 24),
(5110, 147, 134, '2008-10-10', 44),
(5111, 180, 50, '2009-01-16', 39),
(5112, 299, 248, '2005-09-08', 36),
(5113, 63, 74, '2002-03-01', 48),
(5114, 48, 17, '2013-04-22', 45),
(5115, 173, 221, '2007-03-15', 22),
(5116, 413, 7, '2015-12-30', 28),
(5117, 210, 14, '2014-01-29', 35),
(5118, 193, 21, '2001-02-01', 2),
(5119, 195, 38, '2003-03-13', 22),
(5120, 437, 200, '2009-05-07', 45),
(5121, 44, 181, '2011-03-13', 38),
(5122, 499, 148, '2010-01-28', 45),
(5123, 212, 252, '2013-10-28', 50),
(5124, 299, 6, '2015-06-25', 29),
(5125, 205, 272, '2005-04-05', 26),
(5126, 440, 122, '2014-08-21', 7),
(5127, 106, 183, '2005-02-02', 43),
(5128, 444, 196, '2006-09-04', 49),
(5129, 40, 110, '2015-02-02', 42),
(5130, 25, 120, '2001-10-18', 42),
(5131, 85, 153, '2005-02-27', 16),
(5132, 10, 170, '2007-11-20', 1),
(5133, 416, 13, '2006-06-14', 42),
(5134, 334, 248, '2005-03-06', 7),
(5135, 259, 130, '2014-08-08', 28),
(5136, 434, 146, '2013-05-09', 25),
(5137, 458, 46, '2001-10-25', 8),
(5138, 425, 101, '2002-07-26', 20),
(5139, 217, 73, '2014-03-27', 33),
(5140, 185, 174, '2012-05-13', 35),
(5141, 463, 152, '2011-08-04', 26),
(5142, 120, 142, '2006-09-21', 12),
(5143, 470, 130, '2014-04-10', 2),
(5144, 309, 147, '2003-12-23', 36),
(5145, 229, 223, '2003-05-29', 33),
(5146, 101, 233, '2004-10-09', 42),
(5147, 330, 277, '2014-09-16', 3),
(5148, 197, 156, '2011-02-09', 2),
(5149, 27, 269, '2009-12-25', 49),
(5150, 296, 206, '2003-05-05', 14),
(5151, 79, 86, '2014-09-05', 5),
(5152, 128, 161, '2005-07-27', 29),
(5153, 135, 128, '2005-08-25', 43),
(5154, 23, 146, '2015-08-13', 18),
(5155, 353, 16, '2006-01-31', 48),
(5156, 80, 49, '2009-02-02', 19),
(5157, 410, 136, '2004-05-04', 30),
(5158, 184, 45, '2012-03-17', 15),
(5159, 119, 10, '2001-06-10', 30),
(5160, 217, 136, '2006-11-12', 2),
(5161, 243, 21, '2015-01-15', 47),
(5162, 238, 261, '2014-07-31', 30),
(5163, 486, 179, '2015-01-30', 46),
(5164, 421, 52, '2015-04-05', 47),
(5165, 94, 278, '2001-10-18', 15),
(5166, 174, 106, '2006-02-10', 23),
(5167, 496, 70, '2015-07-18', 45),
(5168, 270, 257, '2007-05-13', 1),
(5169, 182, 81, '2003-04-21', 33),
(5170, 249, 154, '2011-09-07', 36),
(5171, 355, 158, '2012-06-05', 5),
(5172, 90, 186, '2007-06-14', 27),
(5173, 268, 8, '2001-01-04', 23),
(5174, 72, 200, '2004-07-30', 47),
(5175, 229, 35, '2007-10-11', 27),
(5176, 488, 64, '2008-10-10', 13),
(5177, 47, 79, '2001-01-28', 21),
(5178, 347, 265, '2001-07-04', 26),
(5179, 199, 21, '2006-08-02', 18),
(5180, 360, 33, '2006-02-06', 10),
(5181, 495, 163, '2003-08-06', 39),
(5182, 154, 66, '2011-06-19', 13),
(5183, 162, 91, '2010-02-09', 10),
(5184, 333, 3, '2013-09-10', 43),
(5185, 350, 253, '2011-04-13', 15),
(5186, 22, 61, '2009-07-16', 13),
(5187, 421, 140, '2003-02-18', 6),
(5188, 112, 148, '2001-11-26', 24),
(5189, 153, 165, '2009-03-22', 26),
(5190, 6, 140, '2007-07-01', 4),
(5191, 231, 96, '2008-05-27', 49),
(5192, 431, 16, '2011-07-23', 30),
(5193, 401, 246, '2003-12-07', 3),
(5194, 232, 55, '2009-04-23', 27),
(5195, 406, 246, '2013-04-09', 27),
(5196, 377, 197, '2004-11-23', 24),
(5197, 421, 213, '2002-06-04', 39),
(5198, 25, 42, '2006-08-02', 40),
(5199, 12, 76, '2014-10-20', 26),
(5200, 426, 192, '2015-08-26', 45),
(5201, 205, 240, '2003-10-08', 36),
(5202, 264, 36, '2002-06-03', 4),
(5203, 372, 165, '2015-06-02', 42),
(5204, 217, 18, '2004-07-04', 44),
(5205, 143, 193, '2014-11-08', 10),
(5206, 291, 67, '2009-03-09', 43),
(5207, 150, 41, '2013-12-09', 25),
(5208, 20, 167, '2015-06-25', 43),
(5209, 497, 66, '2013-08-18', 31),
(5210, 481, 101, '2011-04-28', 2),
(5211, 84, 170, '2011-10-18', 6),
(5212, 125, 207, '2015-04-27', 12),
(5213, 80, 221, '2014-09-12', 11),
(5214, 135, 194, '2005-01-14', 46),
(5215, 474, 51, '2002-01-15', 30),
(5216, 342, 210, '2015-04-26', 38),
(5217, 11, 219, '2006-02-08', 29),
(5218, 3, 35, '2014-11-19', 48),
(5219, 251, 42, '2010-09-03', 7),
(5220, 19, 20, '2012-01-17', 44),
(5221, 274, 248, '2003-02-19', 21),
(5222, 26, 164, '2015-06-24', 12),
(5223, 264, 166, '2004-05-07', 27),
(5224, 44, 54, '2014-07-20', 2),
(5225, 256, 279, '2004-03-07', 30),
(5226, 365, 174, '2007-01-09', 45),
(5227, 85, 219, '2008-10-16', 6),
(5228, 495, 128, '2011-11-21', 1),
(5229, 450, 159, '2007-09-16', 2),
(5230, 262, 158, '2011-06-11', 9),
(5231, 262, 3, '2008-09-13', 20),
(5232, 338, 221, '2015-06-17', 17),
(5233, 32, 76, '2006-11-08', 45),
(5234, 81, 24, '2014-01-19', 32),
(5235, 246, 234, '2011-08-15', 24),
(5236, 468, 246, '2014-11-05', 26),
(5237, 298, 237, '2001-04-08', 46),
(5238, 338, 46, '2002-04-07', 4),
(5239, 216, 47, '2013-01-27', 23),
(5240, 472, 134, '2004-06-08', 5),
(5241, 430, 66, '2005-04-05', 33),
(5242, 51, 164, '2004-09-17', 4),
(5243, 457, 35, '2004-12-29', 5),
(5244, 100, 152, '2010-05-21', 12),
(5245, 252, 89, '2005-02-04', 34),
(5246, 424, 107, '2014-04-24', 12),
(5247, 170, 172, '2008-08-31', 9),
(5248, 326, 59, '2009-04-07', 15),
(5249, 52, 199, '2014-11-07', 36),
(5250, 249, 230, '2005-12-19', 9),
(5251, 63, 132, '2012-06-14', 45),
(5252, 366, 160, '2009-06-22', 18),
(5253, 159, 93, '2001-05-16', 40),
(5254, 129, 278, '2010-08-26', 15),
(5255, 445, 238, '2014-05-26', 8),
(5256, 413, 103, '2007-01-10', 32),
(5257, 394, 200, '2007-10-01', 27),
(5258, 319, 162, '2003-05-06', 43),
(5259, 496, 108, '2007-04-06', 15),
(5260, 316, 6, '2014-08-18', 27),
(5261, 202, 177, '2011-02-27', 50),
(5262, 193, 138, '2003-06-17', 27),
(5263, 199, 222, '2013-06-03', 43),
(5264, 226, 142, '2001-01-05', 22),
(5265, 67, 56, '2004-12-01', 31),
(5266, 130, 92, '2010-01-28', 33),
(5267, 54, 200, '2006-07-06', 28),
(5268, 456, 95, '2002-10-25', 30),
(5269, 102, 19, '2005-06-10', 43),
(5270, 13, 4, '2011-11-04', 6),
(5271, 495, 263, '2007-05-03', 25),
(5272, 130, 91, '2008-09-13', 36),
(5273, 174, 121, '2003-05-26', 41),
(5274, 143, 108, '2014-09-16', 26),
(5275, 401, 86, '2008-03-04', 11),
(5276, 390, 105, '2006-07-30', 26),
(5277, 434, 68, '2003-09-12', 35),
(5278, 393, 41, '2004-09-28', 26),
(5279, 413, 126, '2009-04-17', 23),
(5280, 405, 202, '2003-12-06', 25),
(5281, 224, 134, '2015-09-04', 14),
(5282, 262, 163, '2007-03-06', 47),
(5283, 133, 231, '2011-05-26', 47),
(5284, 75, 192, '2004-08-31', 17),
(5285, 142, 163, '2008-03-30', 32),
(5286, 295, 102, '2010-10-19', 26),
(5287, 302, 136, '2007-10-05', 42),
(5288, 22, 134, '2012-02-03', 38),
(5289, 160, 277, '2005-02-25', 10),
(5290, 34, 90, '2015-11-18', 2),
(5291, 335, 88, '2013-07-18', 45),
(5292, 287, 122, '2011-01-07', 25),
(5293, 368, 209, '2009-11-17', 2),
(5294, 327, 139, '2001-11-13', 15),
(5295, 208, 203, '2011-03-21', 4),
(5296, 45, 45, '2009-10-30', 22),
(5297, 493, 265, '2013-11-28', 50),
(5298, 98, 237, '2009-10-13', 23),
(5299, 1, 74, '2004-03-13', 1),
(5300, 176, 46, '2013-07-26', 29),
(5301, 56, 71, '2006-02-18', 27),
(5302, 313, 53, '2012-09-17', 29),
(5303, 134, 46, '2002-12-19', 12),
(5304, 210, 12, '2008-11-02', 29),
(5305, 201, 237, '2014-02-14', 37),
(5306, 203, 270, '2001-04-09', 5),
(5307, 283, 139, '2002-05-09', 36),
(5308, 424, 227, '2011-11-16', 27),
(5309, 443, 242, '2006-06-04', 28),
(5310, 10, 40, '2006-08-03', 33),
(5311, 408, 266, '2010-05-14', 22),
(5312, 499, 68, '2004-08-28', 37),
(5313, 260, 92, '2005-04-28', 15),
(5314, 59, 208, '2010-10-25', 50),
(5315, 200, 248, '2002-09-20', 8),
(5316, 249, 211, '2009-08-21', 43),
(5317, 8, 192, '2014-04-14', 40),
(5318, 427, 178, '2013-04-08', 28),
(5319, 50, 152, '2008-04-23', 33),
(5320, 16, 221, '2006-02-22', 23),
(5321, 321, 136, '2011-04-05', 43),
(5322, 15, 82, '2011-08-17', 32),
(5323, 300, 129, '2012-12-19', 47),
(5324, 50, 236, '2010-10-29', 4),
(5325, 430, 101, '2009-09-02', 49),
(5326, 325, 81, '2001-03-15', 15),
(5327, 371, 22, '2007-10-04', 37),
(5328, 42, 278, '2002-06-25', 30),
(5329, 359, 272, '2010-11-10', 31),
(5330, 370, 171, '2010-09-25', 18),
(5331, 485, 220, '2014-02-05', 16),
(5332, 25, 96, '2012-01-22', 24),
(5333, 428, 107, '2003-06-19', 48),
(5334, 42, 164, '2013-02-26', 35),
(5335, 311, 55, '2012-12-10', 26),
(5336, 233, 33, '2005-04-28', 19),
(5337, 282, 177, '2008-01-08', 19),
(5338, 14, 58, '2008-07-13', 29),
(5339, 237, 132, '2001-01-30', 12),
(5340, 211, 177, '2012-05-24', 47),
(5341, 280, 131, '2007-02-09', 50),
(5342, 67, 156, '2005-04-18', 2),
(5343, 231, 264, '2009-12-16', 29),
(5344, 492, 203, '2004-08-30', 20),
(5345, 104, 257, '2007-09-16', 13),
(5346, 481, 205, '2002-04-01', 2),
(5347, 387, 9, '2013-03-06', 25),
(5348, 419, 195, '2015-09-19', 2),
(5349, 205, 131, '2003-05-25', 37),
(5350, 85, 234, '2006-05-04', 7),
(5351, 89, 129, '2003-07-14', 20),
(5352, 389, 213, '2001-09-14', 37),
(5353, 370, 145, '2013-10-23', 50),
(5354, 442, 177, '2010-11-12', 36),
(5355, 269, 115, '2007-08-16', 34),
(5356, 312, 13, '2015-05-09', 18),
(5357, 436, 230, '2007-08-24', 2),
(5358, 94, 72, '2008-04-18', 44),
(5359, 68, 208, '2002-06-13', 17),
(5360, 46, 166, '2008-01-27', 40),
(5361, 352, 255, '2003-05-18', 23),
(5362, 230, 78, '2004-01-22', 48),
(5363, 150, 187, '2014-11-17', 33),
(5364, 463, 244, '2006-07-29', 15),
(5365, 103, 134, '2008-01-28', 38),
(5366, 400, 33, '2007-04-07', 17),
(5367, 181, 207, '2004-09-05', 33),
(5368, 488, 162, '2014-08-17', 45),
(5369, 460, 42, '2013-07-21', 35),
(5370, 279, 8, '2014-11-28', 49),
(5371, 297, 199, '2004-01-18', 40),
(5372, 17, 17, '2002-05-26', 23),
(5373, 118, 110, '2003-03-09', 2),
(5374, 69, 104, '2004-01-23', 11),
(5375, 190, 165, '2002-04-14', 38),
(5376, 420, 244, '2009-11-18', 18),
(5377, 249, 255, '2001-03-23', 25),
(5378, 107, 204, '2005-09-30', 43),
(5379, 318, 200, '2003-02-26', 46),
(5380, 250, 178, '2004-09-26', 3),
(5381, 290, 31, '2011-03-31', 13),
(5382, 437, 22, '2015-05-21', 2),
(5383, 426, 87, '2012-02-22', 29),
(5384, 325, 32, '2008-01-12', 19),
(5385, 128, 162, '2009-04-28', 29),
(5386, 54, 32, '2002-11-29', 41),
(5387, 430, 1, '2004-08-18', 7),
(5388, 361, 75, '2002-04-17', 2),
(5389, 304, 27, '2006-01-15', 47),
(5390, 228, 27, '2012-07-26', 32),
(5391, 168, 75, '2004-05-19', 8),
(5392, 427, 182, '2010-02-16', 12),
(5393, 471, 77, '2006-04-28', 47),
(5394, 248, 58, '2013-03-13', 40),
(5395, 339, 240, '2002-09-22', 33),
(5396, 383, 103, '2010-10-14', 8),
(5397, 468, 221, '2014-07-25', 30),
(5398, 412, 189, '2007-10-03', 41),
(5399, 240, 235, '2010-03-02', 41),
(5400, 202, 106, '2014-03-04', 21),
(5401, 290, 2, '2003-08-05', 40),
(5402, 105, 267, '2008-03-23', 1),
(5403, 61, 1, '2015-12-20', 37),
(5404, 354, 218, '2002-02-10', 47),
(5405, 298, 6, '2005-08-30', 45),
(5406, 470, 43, '2004-10-11', 40),
(5407, 236, 18, '2001-02-10', 18),
(5408, 139, 149, '2003-09-11', 33),
(5409, 375, 84, '2004-09-17', 36),
(5410, 409, 87, '2012-08-23', 22),
(5411, 241, 197, '2012-11-11', 17),
(5412, 349, 276, '2003-12-20', 13),
(5413, 379, 185, '2006-10-20', 16),
(5414, 469, 88, '2001-04-23', 48),
(5415, 320, 2, '2010-04-28', 2),
(5416, 40, 199, '2008-03-03', 28),
(5417, 282, 189, '2004-05-23', 34),
(5418, 68, 263, '2013-09-27', 31),
(5419, 38, 99, '2014-07-19', 15),
(5420, 399, 206, '2001-01-27', 45),
(5421, 406, 200, '2005-09-08', 10),
(5422, 19, 126, '2008-02-15', 33),
(5423, 152, 4, '2014-06-28', 2),
(5424, 312, 228, '2008-12-25', 28),
(5425, 322, 278, '2007-10-23', 2),
(5426, 338, 212, '2005-02-17', 15),
(5427, 488, 208, '2015-02-19', 9),
(5428, 241, 192, '2014-08-23', 41),
(5429, 181, 241, '2005-06-30', 9),
(5430, 202, 102, '2013-09-20', 14),
(5431, 39, 198, '2005-11-18', 30),
(5432, 112, 172, '2002-04-01', 40),
(5433, 109, 91, '2012-04-30', 24),
(5434, 16, 204, '2003-01-08', 48),
(5435, 384, 72, '2003-04-01', 27),
(5436, 49, 45, '2012-12-10', 40),
(5437, 220, 65, '2001-06-12', 33),
(5438, 60, 181, '2010-04-20', 47),
(5439, 169, 152, '2014-09-16', 21),
(5440, 215, 101, '2012-12-09', 50),
(5441, 468, 261, '2012-06-24', 5),
(5442, 432, 38, '2005-06-23', 37),
(5443, 113, 153, '2007-09-01', 3),
(5444, 460, 23, '2001-09-03', 8),
(5445, 414, 245, '2009-05-03', 17),
(5446, 264, 269, '2014-03-30', 28),
(5447, 112, 32, '2003-07-02', 5),
(5448, 269, 11, '2012-10-28', 32),
(5449, 395, 148, '2002-08-17', 22),
(5450, 229, 138, '2004-10-23', 34),
(5451, 129, 189, '2006-12-18', 40),
(5452, 409, 132, '2008-03-14', 13),
(5453, 333, 24, '2011-07-22', 25),
(5454, 28, 99, '2004-02-12', 24),
(5455, 291, 131, '2001-02-14', 22),
(5456, 325, 246, '2015-11-29', 12),
(5457, 477, 194, '2002-06-18', 48),
(5458, 107, 43, '2014-07-23', 27),
(5459, 432, 63, '2011-11-06', 7),
(5460, 80, 138, '2001-07-03', 42),
(5461, 157, 209, '2007-03-01', 39),
(5462, 362, 148, '2006-03-02', 22),
(5463, 158, 76, '2009-12-09', 20),
(5464, 421, 185, '2010-09-06', 23),
(5465, 61, 57, '2014-10-14', 50),
(5466, 127, 132, '2009-07-10', 33),
(5467, 485, 50, '2010-05-09', 44),
(5468, 42, 234, '2012-01-15', 4),
(5469, 29, 237, '2002-01-23', 43),
(5470, 26, 25, '2003-12-10', 39),
(5471, 56, 221, '2010-04-14', 19),
(5472, 137, 111, '2002-10-20', 2),
(5473, 413, 89, '2005-02-03', 19),
(5474, 183, 50, '2015-03-26', 9),
(5475, 86, 275, '2008-02-24', 1),
(5476, 418, 248, '2013-09-22', 41),
(5477, 293, 199, '2012-03-01', 37),
(5478, 69, 26, '2007-11-24', 42),
(5479, 151, 232, '2008-09-01', 48),
(5480, 252, 120, '2003-12-22', 39),
(5481, 319, 189, '2002-01-22', 8),
(5482, 38, 37, '2008-12-23', 16),
(5483, 420, 114, '2003-10-23', 18),
(5484, 168, 258, '2002-02-10', 38),
(5485, 221, 196, '2015-08-17', 21),
(5486, 321, 34, '2004-10-06', 47),
(5487, 157, 52, '2010-08-16', 31),
(5488, 214, 174, '2010-07-08', 24),
(5489, 287, 72, '2002-11-06', 8),
(5490, 355, 86, '2001-10-27', 39),
(5491, 178, 79, '2010-02-14', 18),
(5492, 415, 95, '2011-10-15', 34),
(5493, 129, 279, '2009-08-19', 36),
(5494, 64, 63, '2011-10-01', 3),
(5495, 117, 247, '2015-09-03', 38),
(5496, 200, 99, '2003-07-03', 30),
(5497, 321, 71, '2010-04-04', 36),
(5498, 238, 137, '2001-02-14', 46),
(5499, 399, 74, '2014-05-18', 14),
(5500, 222, 207, '2009-07-11', 14),
(5501, 283, 113, '2010-07-17', 29),
(5502, 231, 108, '2003-11-27', 37),
(5503, 46, 217, '2010-01-11', 45),
(5504, 108, 210, '2006-11-02', 29),
(5505, 444, 201, '2005-10-28', 14),
(5506, 315, 268, '2004-08-24', 38),
(5507, 236, 217, '2011-01-15', 14),
(5508, 273, 242, '2003-01-21', 30),
(5509, 149, 216, '2004-05-25', 48),
(5510, 391, 156, '2014-06-06', 41),
(5511, 151, 256, '2008-02-17', 9),
(5512, 487, 32, '2009-01-31', 36),
(5513, 156, 150, '2001-11-12', 17),
(5514, 491, 198, '2007-03-07', 46),
(5515, 236, 1, '2009-08-30', 36),
(5516, 465, 132, '2014-08-24', 24),
(5517, 112, 201, '2006-06-28', 18),
(5518, 102, 138, '2001-12-03', 6),
(5519, 280, 240, '2010-07-20', 2),
(5520, 18, 162, '2005-05-03', 44),
(5521, 15, 163, '2011-11-13', 23),
(5522, 174, 4, '2010-02-24', 35),
(5523, 263, 91, '2002-12-24', 20),
(5524, 324, 54, '2014-04-20', 34),
(5525, 455, 133, '2015-10-20', 29),
(5526, 378, 174, '2012-03-10', 27),
(5527, 371, 43, '2008-07-18', 43),
(5528, 124, 277, '2003-02-13', 44),
(5529, 408, 56, '2014-10-23', 44),
(5530, 310, 133, '2005-04-22', 10),
(5531, 349, 252, '2011-09-24', 11),
(5532, 455, 83, '2006-10-29', 22),
(5533, 207, 63, '2014-01-06', 31),
(5534, 149, 51, '2006-08-13', 38),
(5535, 425, 273, '2006-09-02', 31),
(5536, 250, 225, '2011-01-04', 37),
(5537, 306, 205, '2008-11-03', 33),
(5538, 59, 68, '2013-03-20', 3),
(5539, 10, 279, '2003-06-01', 25),
(5540, 9, 235, '2013-12-25', 32),
(5541, 379, 52, '2007-02-21', 45),
(5542, 203, 56, '2003-04-10', 33),
(5543, 174, 44, '2010-12-24', 29),
(5544, 130, 238, '2005-10-24', 39),
(5545, 85, 138, '2008-09-02', 21),
(5546, 62, 70, '2015-04-10', 7),
(5547, 281, 37, '2012-08-30', 19),
(5548, 393, 112, '2001-08-28', 9),
(5549, 312, 71, '2014-02-07', 22),
(5550, 133, 22, '2012-05-15', 3),
(5551, 158, 90, '2006-02-06', 40),
(5552, 144, 70, '2008-06-26', 16),
(5553, 25, 153, '2006-09-21', 16),
(5554, 421, 228, '2002-01-17', 36),
(5555, 204, 84, '2015-12-20', 5),
(5556, 332, 254, '2015-12-19', 21),
(5557, 67, 132, '2005-12-22', 29),
(5558, 88, 87, '2015-11-14', 45),
(5559, 267, 228, '2010-02-10', 16),
(5560, 124, 51, '2011-06-21', 45),
(5561, 314, 31, '2015-03-11', 34),
(5562, 190, 208, '2010-04-07', 12),
(5563, 147, 112, '2004-10-28', 13),
(5564, 422, 33, '2015-10-12', 7),
(5565, 210, 107, '2009-09-13', 46),
(5566, 205, 228, '2003-02-16', 34),
(5567, 64, 182, '2010-02-16', 27),
(5568, 201, 39, '2002-07-13', 10),
(5569, 498, 160, '2006-03-24', 45),
(5570, 228, 201, '2011-01-22', 49),
(5571, 487, 242, '2002-09-27', 28),
(5572, 298, 85, '2010-09-01', 18),
(5573, 151, 217, '2004-06-27', 26),
(5574, 86, 30, '2010-11-09', 14),
(5575, 277, 177, '2007-03-14', 22),
(5576, 150, 31, '2008-02-01', 50),
(5577, 425, 108, '2006-02-26', 45),
(5578, 158, 256, '2006-06-14', 4),
(5579, 11, 31, '2005-11-30', 38),
(5580, 293, 25, '2006-04-25', 19),
(5581, 406, 209, '2010-04-28', 14),
(5582, 216, 195, '2010-04-08', 21),
(5583, 452, 148, '2014-09-09', 8),
(5584, 80, 138, '2009-09-10', 2),
(5585, 324, 225, '2010-08-31', 27),
(5586, 308, 166, '2012-04-04', 16),
(5587, 172, 152, '2013-03-10', 19),
(5588, 85, 198, '2012-05-25', 23),
(5589, 78, 249, '2003-09-24', 19),
(5590, 258, 237, '2010-05-06', 27),
(5591, 470, 14, '2013-05-25', 20),
(5592, 22, 280, '2008-12-06', 1),
(5593, 5, 51, '2012-12-31', 27),
(5594, 94, 43, '2015-06-13', 5),
(5595, 11, 204, '2006-05-29', 4),
(5596, 156, 62, '2005-10-02', 23),
(5597, 365, 193, '2003-08-13', 27),
(5598, 243, 102, '2003-08-01', 33),
(5599, 224, 54, '2002-11-03', 5),
(5600, 69, 137, '2003-09-08', 13),
(5601, 3, 131, '2003-12-11', 49),
(5602, 124, 34, '2010-02-25', 21),
(5603, 215, 24, '2004-08-27', 47),
(5604, 347, 174, '2011-05-15', 7),
(5605, 318, 213, '2004-04-21', 14),
(5606, 490, 162, '2006-11-23', 49),
(5607, 176, 179, '2008-01-19', 20),
(5608, 408, 49, '2014-12-30', 39),
(5609, 63, 148, '2015-10-01', 20),
(5610, 148, 30, '2005-06-30', 47),
(5611, 299, 161, '2011-07-01', 2),
(5612, 115, 144, '2004-01-16', 17),
(5613, 415, 137, '2010-09-26', 43),
(5614, 123, 50, '2014-09-08', 43),
(5615, 12, 158, '2006-03-19', 27),
(5616, 82, 15, '2001-06-22', 7),
(5617, 371, 175, '2013-03-18', 47),
(5618, 199, 212, '2009-05-07', 40),
(5619, 434, 42, '2014-07-20', 3),
(5620, 92, 83, '2013-09-24', 4),
(5621, 288, 18, '2006-12-14', 31),
(5622, 280, 225, '2012-01-15', 13),
(5623, 199, 32, '2010-01-31', 13),
(5624, 103, 64, '2002-01-04', 5),
(5625, 25, 9, '2008-02-14', 28),
(5626, 336, 156, '2014-03-07', 11),
(5627, 140, 32, '2003-04-12', 39),
(5628, 4, 186, '2008-05-28', 11),
(5629, 483, 191, '2012-03-15', 13),
(5630, 24, 14, '2012-06-11', 37),
(5631, 106, 11, '2006-04-14', 24),
(5632, 25, 212, '2006-01-28', 18),
(5633, 209, 251, '2006-12-06', 1),
(5634, 378, 238, '2010-11-03', 43),
(5635, 248, 10, '2003-06-16', 27),
(5636, 29, 132, '2008-01-06', 10),
(5637, 5, 42, '2007-12-29', 21),
(5638, 2, 21, '2009-04-15', 40),
(5639, 127, 124, '2014-04-09', 28),
(5640, 481, 225, '2001-08-17', 50),
(5641, 232, 280, '2015-05-11', 22),
(5642, 163, 69, '2014-11-08', 3),
(5643, 208, 214, '2011-07-25', 38),
(5644, 121, 40, '2013-10-09', 21),
(5645, 380, 59, '2012-10-02', 23),
(5646, 499, 68, '2010-02-26', 22),
(5647, 349, 129, '2003-10-25', 3),
(5648, 443, 39, '2009-10-25', 49),
(5649, 147, 264, '2002-07-02', 9),
(5650, 246, 262, '2001-10-15', 50),
(5651, 142, 74, '2014-04-03', 14),
(5652, 126, 96, '2008-08-01', 46),
(5653, 92, 188, '2010-09-26', 8),
(5654, 91, 122, '2002-08-15', 24),
(5655, 417, 209, '2013-07-27', 35),
(5656, 281, 161, '2015-03-02', 50),
(5657, 111, 32, '2007-07-01', 23),
(5658, 223, 93, '2006-04-27', 26),
(5659, 25, 215, '2011-01-13', 44),
(5660, 347, 208, '2010-07-23', 1),
(5661, 337, 111, '2008-06-28', 6),
(5662, 491, 250, '2006-05-12', 16),
(5663, 496, 119, '2006-12-22', 20),
(5664, 468, 175, '2014-08-09', 31),
(5665, 469, 88, '2012-03-02', 2),
(5666, 134, 265, '2010-09-02', 29),
(5667, 265, 229, '2001-05-04', 21),
(5668, 431, 84, '2014-04-11', 35),
(5669, 150, 249, '2014-09-26', 20),
(5670, 109, 13, '2006-09-23', 31),
(5671, 475, 29, '2007-04-08', 34),
(5672, 181, 42, '2010-10-18', 10),
(5673, 364, 270, '2002-06-03', 19),
(5674, 422, 78, '2001-04-12', 25),
(5675, 44, 86, '2008-01-02', 15),
(5676, 138, 276, '2013-05-16', 27),
(5677, 367, 240, '2006-10-20', 35),
(5678, 19, 236, '2002-07-18', 14),
(5679, 490, 101, '2008-03-21', 12),
(5680, 244, 116, '2006-12-09', 15),
(5681, 28, 218, '2010-10-16', 26),
(5682, 180, 20, '2004-03-29', 28),
(5683, 375, 228, '2007-08-01', 42),
(5684, 275, 105, '2011-11-08', 35),
(5685, 257, 23, '2001-05-28', 29),
(5686, 200, 45, '2006-10-19', 3),
(5687, 340, 187, '2002-06-18', 32),
(5688, 119, 115, '2010-03-31', 1),
(5689, 321, 159, '2002-02-05', 41),
(5690, 441, 96, '2009-12-10', 5),
(5691, 113, 117, '2005-09-30', 31),
(5692, 405, 269, '2011-11-14', 42),
(5693, 29, 26, '2011-08-04', 29),
(5694, 393, 102, '2011-05-04', 39),
(5695, 64, 216, '2008-01-26', 34),
(5696, 498, 97, '2015-02-20', 46),
(5697, 143, 226, '2014-01-16', 49),
(5698, 44, 237, '2006-03-09', 28),
(5699, 279, 161, '2002-11-10', 45),
(5700, 183, 273, '2010-10-01', 30),
(5701, 427, 136, '2008-08-23', 45),
(5702, 252, 103, '2006-05-01', 26),
(5703, 145, 1, '2001-02-16', 29),
(5704, 408, 137, '2011-10-02', 30),
(5705, 18, 201, '2014-10-15', 37),
(5706, 399, 32, '2008-11-06', 20),
(5707, 14, 196, '2002-02-19', 36),
(5708, 220, 112, '2014-01-19', 1),
(5709, 333, 50, '2002-07-29', 50),
(5710, 84, 235, '2015-08-30', 29),
(5711, 258, 206, '2009-10-18', 3),
(5712, 216, 92, '2013-02-07', 1),
(5713, 233, 171, '2004-09-14', 12),
(5714, 412, 155, '2004-12-12', 8),
(5715, 28, 202, '2005-11-25', 25),
(5716, 407, 54, '2003-07-09', 10),
(5717, 493, 279, '2001-09-03', 16),
(5718, 15, 18, '2003-11-19', 14),
(5719, 213, 138, '2013-12-13', 36),
(5720, 39, 193, '2001-06-02', 45),
(5721, 126, 212, '2003-02-28', 22),
(5722, 497, 187, '2013-07-18', 2),
(5723, 301, 14, '2008-10-28', 7),
(5724, 141, 248, '2013-09-05', 39),
(5725, 262, 142, '2008-06-12', 44),
(5726, 233, 237, '2010-09-24', 39),
(5727, 202, 186, '2012-06-21', 23),
(5728, 42, 118, '2006-09-13', 11),
(5729, 213, 50, '2014-05-31', 5),
(5730, 125, 39, '2013-12-02', 21),
(5731, 395, 141, '2007-12-05', 4),
(5732, 392, 133, '2015-11-08', 10),
(5733, 13, 17, '2015-10-04', 49),
(5734, 457, 173, '2008-06-23', 26),
(5735, 135, 201, '2002-08-05', 2),
(5736, 431, 60, '2006-12-07', 50),
(5737, 359, 150, '2015-04-24', 44),
(5738, 493, 218, '2014-09-27', 4),
(5739, 396, 264, '2010-02-23', 13),
(5740, 391, 122, '2008-04-27', 40),
(5741, 53, 191, '2007-07-01', 33),
(5742, 33, 145, '2004-06-22', 49),
(5743, 367, 38, '2015-01-25', 8),
(5744, 245, 258, '2013-12-14', 26),
(5745, 78, 167, '2001-07-09', 5),
(5746, 407, 189, '2014-05-30', 29),
(5747, 470, 265, '2008-03-22', 26),
(5748, 473, 48, '2011-12-19', 27),
(5749, 152, 188, '2003-08-17', 13),
(5750, 334, 242, '2014-03-26', 44),
(5751, 151, 187, '2006-12-28', 30),
(5752, 218, 137, '2005-08-29', 19),
(5753, 441, 65, '2010-12-27', 37),
(5754, 425, 188, '2002-07-02', 10),
(5755, 125, 213, '2002-05-30', 36),
(5756, 132, 204, '2008-10-23', 29),
(5757, 439, 186, '2003-04-25', 22),
(5758, 35, 183, '2004-07-13', 22),
(5759, 190, 76, '2015-01-07', 2),
(5760, 178, 216, '2010-03-22', 48),
(5761, 419, 198, '2003-12-28', 48),
(5762, 377, 231, '2007-10-12', 8),
(5763, 392, 152, '2007-11-27', 50),
(5764, 107, 269, '2005-10-30', 41),
(5765, 280, 250, '2003-04-08', 40),
(5766, 487, 30, '2007-05-27', 20),
(5767, 379, 123, '2008-03-10', 6),
(5768, 105, 159, '2015-03-07', 49),
(5769, 429, 136, '2014-04-23', 29),
(5770, 183, 99, '2003-07-11', 27),
(5771, 21, 225, '2013-12-03', 41),
(5772, 130, 166, '2003-10-19', 4),
(5773, 490, 139, '2015-06-27', 31),
(5774, 24, 263, '2004-07-29', 24),
(5775, 163, 268, '2002-03-17', 7),
(5776, 163, 30, '2014-06-12', 12),
(5777, 97, 64, '2005-04-18', 38),
(5778, 408, 59, '2008-07-02', 15),
(5779, 422, 28, '2009-04-30', 34),
(5780, 27, 182, '2001-01-28', 50),
(5781, 478, 89, '2014-02-14', 49),
(5782, 276, 67, '2008-12-31', 41),
(5783, 323, 50, '2005-02-16', 38),
(5784, 428, 226, '2003-02-15', 36),
(5785, 14, 80, '2015-03-22', 36),
(5786, 245, 278, '2011-07-09', 35),
(5787, 383, 14, '2010-05-08', 33),
(5788, 227, 34, '2002-10-15', 11),
(5789, 332, 238, '2010-05-04', 25),
(5790, 481, 206, '2007-07-01', 13),
(5791, 96, 236, '2011-09-15', 14),
(5792, 445, 162, '2007-02-08', 6),
(5793, 157, 31, '2010-01-03', 21),
(5794, 345, 143, '2009-04-20', 38),
(5795, 215, 261, '2006-02-12', 18),
(5796, 348, 66, '2011-07-04', 15),
(5797, 306, 132, '2013-01-01', 4),
(5798, 85, 112, '2015-09-23', 47),
(5799, 142, 174, '2007-12-02', 33),
(5800, 332, 194, '2012-07-23', 19),
(5801, 397, 53, '2002-03-18', 3),
(5802, 339, 169, '2014-05-26', 50),
(5803, 322, 227, '2004-03-11', 31),
(5804, 116, 90, '2014-10-06', 4),
(5805, 421, 95, '2006-06-12', 2),
(5806, 248, 213, '2002-09-13', 20),
(5807, 132, 267, '2011-02-24', 5),
(5808, 132, 36, '2004-10-04', 4),
(5809, 307, 180, '2007-08-17', 27),
(5810, 332, 162, '2008-05-08', 12),
(5811, 134, 263, '2006-01-01', 49),
(5812, 110, 243, '2001-01-01', 47),
(5813, 57, 179, '2008-02-19', 1),
(5814, 137, 83, '2005-03-25', 6),
(5815, 393, 38, '2012-01-17', 8),
(5816, 69, 249, '2008-11-18', 7),
(5817, 85, 4, '2015-07-31', 33),
(5818, 226, 180, '2006-02-09', 18),
(5819, 252, 216, '2001-09-26', 8),
(5820, 3, 62, '2011-06-17', 40),
(5821, 180, 235, '2001-03-19', 50),
(5822, 373, 120, '2014-06-06', 41),
(5823, 65, 255, '2005-10-28', 48),
(5824, 9, 10, '2006-04-01', 3),
(5825, 270, 260, '2009-05-12', 44),
(5826, 120, 101, '2011-11-10', 40),
(5827, 375, 213, '2006-03-28', 27),
(5828, 346, 112, '2014-09-13', 14),
(5829, 231, 66, '2014-10-08', 35),
(5830, 482, 104, '2001-03-17', 5),
(5831, 476, 123, '2012-11-11', 3),
(5832, 83, 47, '2013-01-20', 28),
(5833, 20, 90, '2013-12-13', 24),
(5834, 259, 156, '2007-04-28', 40),
(5835, 97, 9, '2009-05-08', 1),
(5836, 90, 99, '2003-06-06', 34),
(5837, 438, 264, '2010-02-13', 14),
(5838, 73, 65, '2005-11-11', 44),
(5839, 471, 134, '2011-08-20', 10),
(5840, 335, 35, '2009-05-20', 13),
(5841, 309, 237, '2014-03-14', 28),
(5842, 390, 156, '2003-12-13', 44),
(5843, 306, 13, '2004-12-19', 48),
(5844, 478, 63, '2004-05-26', 16),
(5845, 348, 53, '2011-05-30', 29),
(5846, 287, 85, '2004-12-07', 24),
(5847, 427, 238, '2014-06-13', 26),
(5848, 350, 159, '2014-04-04', 27),
(5849, 32, 75, '2009-11-10', 41),
(5850, 110, 116, '2007-03-22', 32),
(5851, 233, 118, '2011-03-16', 13),
(5852, 47, 94, '2003-10-10', 12),
(5853, 363, 120, '2011-11-12', 43),
(5854, 304, 237, '2002-12-28', 26),
(5855, 354, 171, '2015-07-29', 39),
(5856, 236, 67, '2006-04-28', 8),
(5857, 94, 184, '2004-03-23', 15),
(5858, 274, 76, '2015-04-09', 32),
(5859, 438, 258, '2004-09-30', 2),
(5860, 103, 175, '2010-12-26', 32),
(5861, 87, 153, '2011-08-11', 10),
(5862, 117, 267, '2015-11-05', 40),
(5863, 343, 207, '2005-11-20', 16),
(5864, 190, 17, '2011-04-15', 40),
(5865, 322, 201, '2012-03-20', 27),
(5866, 8, 111, '2009-12-22', 27),
(5867, 136, 194, '2005-04-13', 18),
(5868, 66, 115, '2008-01-13', 2),
(5869, 131, 189, '2008-11-18', 26),
(5870, 106, 139, '2014-11-15', 37),
(5871, 213, 229, '2015-07-03', 5),
(5872, 355, 183, '2009-05-03', 21),
(5873, 274, 258, '2005-08-17', 2),
(5874, 84, 146, '2012-10-24', 36),
(5875, 444, 171, '2006-04-22', 33),
(5876, 239, 59, '2004-11-08', 46),
(5877, 496, 155, '2001-11-02', 8),
(5878, 386, 63, '2006-04-29', 43),
(5879, 10, 101, '2008-10-25', 30),
(5880, 72, 216, '2002-05-08', 20),
(5881, 423, 172, '2008-10-10', 16),
(5882, 114, 230, '2007-11-16', 50),
(5883, 363, 89, '2003-12-02', 7),
(5884, 305, 243, '2013-12-08', 15),
(5885, 176, 193, '2001-09-03', 47),
(5886, 106, 7, '2003-03-02', 23),
(5887, 496, 142, '2002-08-09', 35),
(5888, 474, 103, '2002-06-28', 12),
(5889, 232, 90, '2009-06-22', 15),
(5890, 184, 178, '2002-05-22', 40),
(5891, 187, 243, '2015-12-24', 22),
(5892, 132, 177, '2011-09-17', 41),
(5893, 222, 61, '2010-03-28', 46),
(5894, 47, 207, '2005-06-30', 14),
(5895, 160, 154, '2001-05-31', 28),
(5896, 229, 30, '2007-01-06', 11),
(5897, 5, 21, '2001-02-05', 5),
(5898, 197, 257, '2011-06-20', 42),
(5899, 413, 59, '2011-08-14', 47),
(5900, 216, 171, '2010-03-27', 27),
(5901, 154, 4, '2012-12-09', 6),
(5902, 138, 142, '2005-01-21', 38),
(5903, 275, 162, '2008-04-15', 42),
(5904, 41, 55, '2012-12-16', 16),
(5905, 221, 143, '2001-05-12', 14),
(5906, 186, 73, '2005-05-26', 47),
(5907, 131, 14, '2002-09-14', 22),
(5908, 156, 136, '2015-11-08', 36),
(5909, 149, 240, '2015-07-02', 25),
(5910, 264, 103, '2013-06-29', 5),
(5911, 20, 21, '2012-11-17', 1),
(5912, 286, 84, '2003-12-07', 16),
(5913, 326, 201, '2011-02-21', 29),
(5914, 21, 244, '2006-02-07', 7),
(5915, 439, 60, '2011-01-28', 40),
(5916, 94, 209, '2012-04-11', 15),
(5917, 496, 258, '2004-08-14', 50),
(5918, 409, 161, '2015-09-21', 21),
(5919, 405, 193, '2012-12-28', 48),
(5920, 8, 71, '2011-04-02', 15),
(5921, 485, 209, '2011-04-10', 31),
(5922, 14, 76, '2014-10-30', 25),
(5923, 478, 254, '2007-10-02', 44),
(5924, 499, 114, '2013-05-27', 39),
(5925, 469, 169, '2012-03-05', 12),
(5926, 389, 8, '2006-06-18', 5),
(5927, 209, 189, '2014-11-21', 13),
(5928, 453, 257, '2008-06-09', 13),
(5929, 37, 166, '2007-11-14', 48),
(5930, 419, 275, '2003-02-01', 8),
(5931, 383, 225, '2002-07-24', 5),
(5932, 210, 148, '2005-01-16', 21),
(5933, 279, 67, '2001-03-14', 1),
(5934, 476, 111, '2008-01-16', 29),
(5935, 430, 232, '2010-06-11', 11),
(5936, 115, 204, '2008-07-01', 28),
(5937, 142, 246, '2005-11-18', 11),
(5938, 199, 249, '2014-09-05', 16),
(5939, 139, 145, '2012-08-28', 14),
(5940, 66, 161, '2014-02-07', 24),
(5941, 201, 36, '2010-08-04', 37),
(5942, 380, 183, '2003-06-13', 25),
(5943, 151, 93, '2006-03-23', 7),
(5944, 493, 58, '2007-08-07', 5),
(5945, 432, 141, '2002-07-08', 28),
(5946, 251, 90, '2004-04-06', 26),
(5947, 217, 247, '2007-12-17', 4),
(5948, 318, 274, '2014-02-03', 34),
(5949, 337, 121, '2001-04-04', 50),
(5950, 333, 74, '2001-02-12', 47),
(5951, 54, 232, '2014-01-28', 2),
(5952, 355, 169, '2003-09-02', 7),
(5953, 283, 48, '2002-08-12', 49),
(5954, 238, 279, '2005-06-24', 25),
(5955, 132, 183, '2015-02-17', 41),
(5956, 4, 33, '2003-07-16', 7),
(5957, 194, 7, '2005-08-20', 30),
(5958, 431, 55, '2013-05-10', 25),
(5959, 174, 260, '2004-05-21', 13),
(5960, 29, 137, '2012-08-05', 22),
(5961, 367, 215, '2010-06-25', 24),
(5962, 89, 56, '2008-07-12', 11),
(5963, 258, 9, '2003-11-09', 43),
(5964, 459, 110, '2009-03-10', 14),
(5965, 48, 100, '2005-02-26', 21),
(5966, 31, 22, '2005-08-22', 21),
(5967, 21, 24, '2012-07-22', 46),
(5968, 7, 234, '2011-11-24', 14),
(5969, 485, 220, '2008-03-14', 42),
(5970, 344, 263, '2012-07-04', 38),
(5971, 282, 260, '2007-04-21', 47),
(5972, 325, 138, '2004-08-31', 25),
(5973, 368, 173, '2009-10-17', 5),
(5974, 194, 96, '2001-03-25', 38),
(5975, 148, 166, '2014-05-29', 16),
(5976, 193, 117, '2008-11-13', 26),
(5977, 320, 31, '2006-11-30', 5),
(5978, 317, 145, '2013-05-12', 26),
(5979, 365, 212, '2013-03-31', 14),
(5980, 211, 43, '2011-01-16', 26),
(5981, 181, 12, '2004-05-09', 39),
(5982, 378, 189, '2015-01-24', 38),
(5983, 438, 249, '2008-12-27', 28),
(5984, 392, 202, '2007-09-26', 23),
(5985, 239, 65, '2013-08-21', 47),
(5986, 319, 12, '2010-07-19', 45),
(5987, 227, 257, '2010-09-22', 35),
(5988, 17, 192, '2014-07-15', 42),
(5989, 479, 227, '2005-06-24', 16),
(5990, 278, 215, '2010-06-23', 22),
(5991, 487, 252, '2001-05-09', 11),
(5992, 226, 11, '2005-07-25', 38),
(5993, 375, 226, '2004-07-03', 33),
(5994, 486, 227, '2005-05-03', 25),
(5995, 354, 255, '2008-08-31', 34),
(5996, 473, 82, '2005-04-27', 39),
(5997, 203, 203, '2012-11-09', 32),
(5998, 215, 213, '2006-01-12', 15),
(5999, 194, 175, '2014-06-26', 39),
(6000, 342, 16, '2001-11-23', 2);

-- --------------------------------------------------------

--
-- Table structure for table `vineyards`
--

CREATE TABLE `vineyards` (
  `vineyard_ID` int(11) NOT NULL,
  `vineyard_name` varchar(50) NOT NULL
) ENGINE=InnoDB DEFAULT CHARSET=latin1;

--
-- Dumping data for table `vineyards`
--

INSERT INTO `vineyards` (`vineyard_ID`, `vineyard_name`) VALUES
(1, 'Adrianna Vineyard'),
(2, 'Botobolar Vineyard'),
(3, 'De Bortoli Wines'),
(4, 'Wyndham Estate'),
(5, 'Bruny Island Premium Wines'),
(6, ' Moorilla Estate'),
(7, 'Brown Brothers Milawa Vineyard'),
(8, 'De Bortoli Wines'),
(9, 'Tahbilk'),
(10, 'Miolo Cuvée Milesime'),
(11, 'Bettú Gewurzstraminer'),
(12, 'Casa Valduga Premium Brut'),
(13, 'Salton Talento'),
(14, 'Miolo RAR'),
(15, 'Cave Geisse Nature'),
(16, 'Miolo Lote'),
(17, 'Château de Curton'),
(18, 'Château Ducru-Beaucaillou'),
(19, 'Château Figeac'),
(20, 'Chateau Haut-Bages Liberal'),
(21, 'Château Haut-Bailly'),
(22, 'Château Haut-Brion'),
(23, 'Château Haut-Marbuzet'),
(24, 'Château Lafite Rothschild'),
(25, 'Château Lascombes'),
(26, 'Château Latour'),
(27, 'Domaine Henri Milan'),
(28, 'Mosel'),
(29, 'Rheingau'),
(30, 'Cloudy Bay Vineyards'),
(31, 'Hillersden Estate'),
(32, 'Grove Mill'),
(33, 'Montana Wines'),
(34, 'Pegasus Bay Vineyards'),
(35, 'Two Paddocks'),
(36, 'Villa Maria Estates'),
(37, 'Yealands Estate'),
(38, 'Babeasca neagra'),
(39, 'H. Bonciu'),
(40, 'Feteasca neagra'),
(41, 'Feteasca regala'),
(42, 'Grasa de Cotnari'),
(43, 'Halewood'),
(44, 'Jidvei'),
(45, 'Murfatlar'),
(46, 'Tamaioasa Romaneasca'),
(47, 'Rustenberg'),
(48, 'Chalone Vineyard'),
(49, 'Chateau Montelena'),
(50, 'Chateau Morrisette Winery'),
(51, 'Clos Du Val Winery'),
(52, 'David Bruce Winery'),
(53, 'Freemark Abbey Winery'),
(54, 'Grgich Hills Estate'),
(55, 'Spring Mountain Vineyard'),
(56, 'Sterling Vineyards'),
(57, 'Trefethen Vineyards'),
(58, 'The Williamsburg Winery'),
(59, 'Wisdom Oak Winery');

-- --------------------------------------------------------

--
-- Table structure for table `wines`
--

CREATE TABLE `wines` (
  `wine_ID` int(11) NOT NULL,
  `color_ID` int(11) NOT NULL,
  `country_ID` int(11) NOT NULL,
  `grape_variety_ID` int(11) NOT NULL,
  `vineyard_ID` int(11) NOT NULL,
  `wine_year` int(11) NOT NULL,
  `wine_name` varchar(40) NOT NULL,
  `price` int(11) NOT NULL,
  `date_of_receipt` date NOT NULL
) ENGINE=InnoDB DEFAULT CHARSET=latin1;

--
-- Dumping data for table `wines`
--

INSERT INTO `wines` (`wine_ID`, `color_ID`, `country_ID`, `grape_variety_ID`, `vineyard_ID`, `wine_year`, `wine_name`, `price`, `date_of_receipt`) VALUES
(1, 32, 17, 25, 36, 1908, 'Tuly Edes', 577, '2000-03-25'),
(2, 10, 18, 1, 33, 1955, 'Churno Adega', 487, '2000-12-18'),
(3, 36, 23, 20, 55, 1917, 'Hionas Viejo', 542, '2000-01-01'),
(4, 1, 16, 12, 11, 1942, 'Uvens Dolce', 883, '2000-08-12'),
(5, 7, 13, 25, 25, 1906, 'Inti Mousseux', 1293, '2000-10-08'),
(6, 28, 19, 37, 46, 1933, 'Eevrialese Secco', 1821, '2000-01-20'),
(7, 14, 6, 4, 40, 1915, 'Wertzonia Cap Classique', 1403, '2000-05-01'),
(8, 2, 24, 13, 30, 1886, 'Yorluvel Invecchiato', 314, '2000-03-25'),
(9, 29, 11, 4, 7, 1954, 'Frusceval Doce', 1643, '2000-01-14'),
(10, 16, 9, 19, 24, 1957, 'Oxintre Cap Classique', 292, '2000-10-20'),
(11, 22, 22, 16, 13, 1898, 'Jidol Dulce', 603, '2000-06-09'),
(12, 12, 15, 7, 51, 1962, 'Husus Annata', 1666, '2000-08-27'),
(13, 31, 10, 32, 51, 1923, 'Breelon Demi-Sec', 366, '2000-06-01'),
(14, 23, 2, 7, 56, 1951, 'Juma Adamado', 573, '2000-04-05'),
(15, 21, 13, 26, 45, 1897, 'Coque Classic', 1937, '2000-10-25'),
(16, 4, 1, 35, 48, 1944, 'Sixinon Dolce', 1396, '2000-05-21'),
(17, 19, 12, 26, 27, 1953, 'Ghurthema Viejo', 285, '2000-06-27'),
(18, 4, 15, 11, 4, 1916, 'Fungives D\'or', 865, '2000-11-16'),
(19, 22, 29, 32, 13, 1936, 'Bumbraly Doce', 819, '2000-04-11'),
(20, 16, 23, 11, 1, 1955, 'Xagurol Bianco', 204, '2000-06-18'),
(21, 14, 14, 6, 39, 1953, 'Dharton Liquoroso', 1482, '2000-06-03'),
(22, 13, 22, 9, 50, 1893, 'Sumat Fume', 1892, '2000-02-16'),
(23, 4, 27, 36, 10, 1939, 'Gortin Granvas', 1431, '2000-10-16'),
(24, 26, 11, 30, 38, 1928, 'Flillina D\'or', 274, '2000-08-01'),
(25, 6, 10, 14, 17, 1892, 'Camat Rosado', 1434, '2000-06-03'),
(26, 27, 27, 17, 38, 1894, 'Wanvinti Frizzante', 661, '2000-09-23'),
(27, 4, 24, 35, 50, 1890, 'Issleque Invecchiato', 779, '2000-03-29'),
(28, 18, 29, 5, 59, 1959, 'Queuxoce Clairet', 216, '2000-09-05'),
(29, 33, 16, 15, 17, 1936, 'Hampaublage', 1040, '2000-09-13'),
(30, 27, 22, 14, 59, 1894, 'Misligeac Adamado', 1280, '2000-10-07'),
(31, 25, 23, 14, 14, 1943, 'Chige', 1119, '2000-06-07'),
(32, 14, 29, 1, 59, 1927, 'Ghanais Granvas', 1414, '2000-04-21'),
(33, 20, 11, 24, 2, 1938, 'Ouville D\'or', 803, '2000-06-08'),
(34, 15, 20, 1, 41, 1900, 'Dhenche Cava', 922, '2000-06-01'),
(35, 22, 11, 38, 18, 1952, 'Zanne', 1147, '2000-02-15'),
(36, 34, 14, 2, 30, 1921, 'Yemmedol Cava', 415, '2000-05-11'),
(37, 34, 17, 31, 51, 1949, 'Xorbilien Sec', 1376, '2000-03-12'),
(38, 3, 21, 29, 3, 1946, 'Ghoplarten Sec', 461, '2000-12-17'),
(39, 11, 21, 32, 32, 1904, 'Kirumens Garrafeira', 537, '2000-01-23'),
(40, 36, 21, 31, 54, 1905, 'Qersianne Bianco', 1400, '2000-01-13'),
(41, 20, 11, 15, 31, 1921, 'Fulese Annata', 1469, '2000-05-11'),
(42, 35, 28, 34, 10, 1938, 'Sune Halbtrocken', 319, '2000-07-06'),
(43, 5, 10, 34, 14, 1959, 'Kutour Edes', 1916, '2000-06-28'),
(44, 28, 15, 16, 19, 1956, 'Lisir Demi-Sec', 937, '2000-04-12'),
(45, 20, 5, 22, 33, 1957, 'Onues', 1862, '2000-01-15'),
(46, 18, 29, 36, 41, 1952, 'Vouildtilon Blanc', 575, '2000-04-23'),
(47, 10, 31, 19, 30, 1887, 'Occholung Vendemmia', 588, '2000-06-03'),
(48, 20, 26, 38, 14, 1894, 'Joccems Adamado', 852, '2000-04-08'),
(49, 15, 14, 10, 10, 1966, 'Cangatour Cépage', 1199, '2000-06-05'),
(50, 33, 15, 26, 45, 1929, 'Trittounis D\'or', 947, '2000-06-04'),
(51, 2, 23, 12, 11, 1956, 'Trianon', 1305, '2000-01-06'),
(52, 30, 17, 9, 35, 1915, 'Mogeac Vendemmia', 92, '2000-11-17'),
(53, 34, 14, 12, 51, 1891, 'Alage Cépage', 1461, '2000-07-16'),
(54, 32, 16, 29, 3, 1901, 'Ghimbes Noir', 1129, '2000-08-10'),
(55, 19, 13, 14, 57, 1925, 'Sieucati Rosso', 390, '2000-07-03'),
(56, 20, 31, 30, 24, 1961, 'Nasslotan D\'or', 844, '2000-01-27'),
(57, 25, 25, 16, 9, 1910, 'Irmiville Blanco', 365, '2000-06-26'),
(58, 21, 24, 3, 36, 1953, 'Dumussec Doce', 1611, '2000-04-20'),
(59, 11, 14, 12, 19, 1892, 'Guxacella Halbtrocken', 243, '2000-07-29'),
(60, 22, 17, 8, 47, 1895, 'Mamblieurnet Cépage', 1756, '2000-08-03'),
(61, 14, 25, 20, 59, 1940, 'Blieubria Liquoroso', 1098, '2000-05-05'),
(62, 11, 17, 31, 48, 1913, 'Shinia Demi-Sec', 1462, '2000-08-29'),
(63, 8, 9, 36, 19, 1962, 'Beoder Clairet', 1516, '2000-10-23'),
(64, 36, 22, 37, 8, 1966, 'Freaumune', 1009, '2000-10-12'),
(65, 1, 2, 34, 50, 1896, 'Bruephe Vendimia', 972, '2000-08-06'),
(66, 19, 22, 34, 59, 1902, 'Hentrabeutel', 449, '2000-02-15'),
(67, 18, 12, 25, 33, 1941, 'Chexelly Doux', 950, '2000-12-05'),
(68, 36, 3, 9, 10, 1915, 'Minthocano Granvas', 669, '2000-02-05'),
(69, 6, 28, 14, 9, 1915, 'Zelbereic Rouge', 143, '2000-07-01'),
(70, 17, 15, 27, 54, 1906, 'Koldtetan ', 1785, '2000-10-12'),
(71, 23, 16, 23, 52, 1944, 'Soms Rosso', 1839, '2000-01-12'),
(72, 21, 20, 8, 36, 1952, 'Ligros Rosato', 535, '2000-12-26'),
(73, 24, 9, 24, 24, 1907, 'Fueutre Halbtrocken', 1836, '2000-08-23'),
(74, 34, 17, 7, 1, 1889, 'Fillon Sec', 921, '2000-01-20'),
(75, 23, 3, 18, 17, 1911, 'Avens Blanco', 1368, '2000-07-16'),
(76, 34, 17, 27, 27, 1935, 'Ozanel Amabile', 496, '2000-11-02'),
(77, 27, 26, 30, 44, 1916, 'Aulbintre Noir', 1785, '2000-11-25'),
(78, 24, 6, 35, 2, 1960, 'Trertzechen Edes', 595, '2000-03-06'),
(79, 22, 8, 13, 32, 1887, 'Ouisbailion Fume', 80, '2000-12-16'),
(80, 16, 16, 31, 56, 1936, 'Frethognon Bianco', 1895, '2000-08-23'),
(81, 14, 21, 37, 52, 1950, 'Brereic Dolce', 1587, '2000-06-02'),
(82, 26, 8, 32, 8, 1886, 'Grawer Liquoroso', 761, '2000-07-03'),
(83, 21, 25, 23, 58, 1953, 'Ghubria Annata', 537, '2000-11-09'),
(84, 1, 19, 25, 2, 1933, 'Urre Rich', 672, '2000-05-13'),
(85, 6, 31, 3, 58, 1934, 'Vuetan Sec', 1277, '2000-02-26'),
(86, 28, 10, 24, 38, 1906, 'Qembosson Garrafeira', 292, '2000-05-15'),
(87, 25, 26, 30, 32, 1888, 'Serseonay Rosato', 1604, '2000-09-18'),
(88, 20, 30, 6, 21, 1933, 'Grueindunieux Pétillant', 534, '2000-02-14'),
(89, 16, 12, 17, 54, 1967, 'Ivraves Rouge', 1123, '2000-03-20'),
(90, 1, 5, 17, 20, 1960, 'Janhugueil Bianco', 309, '2000-08-19'),
(91, 35, 23, 14, 27, 1933, 'Gagros Doce', 1058, '2000-02-24'),
(92, 10, 10, 11, 8, 1893, 'Qinac Rosado', 357, '2000-02-08'),
(93, 23, 17, 24, 55, 1949, 'Mucati Rosado', 76, '2000-02-29'),
(94, 16, 8, 26, 7, 1912, 'Vublis Liquoroso', 525, '2000-10-19'),
(95, 29, 9, 11, 6, 1943, 'Shaimeur Adega', 1006, '2000-09-02'),
(96, 30, 2, 30, 46, 1919, 'Wifafe Demi-Sec', 699, '2000-08-09'),
(97, 7, 31, 11, 43, 1953, 'Haplaque', 1295, '2000-06-09'),
(98, 17, 1, 28, 43, 1944, 'Nertzutre Sec', 1853, '2000-04-19'),
(99, 29, 22, 31, 27, 1896, 'Hendaval Piquant', 225, '2000-02-04'),
(100, 29, 5, 25, 29, 1898, 'Virsaulien Fume', 1757, '2000-07-26'),
(101, 3, 16, 23, 40, 1915, 'Vasan Cépage', 1508, '2000-04-20'),
(102, 17, 30, 16, 14, 1936, 'Breibeit Branco', 1423, '2000-07-25'),
(103, 19, 10, 27, 23, 1901, 'Sogne Doux', 250, '2000-02-03'),
(104, 29, 17, 10, 1, 1944, 'Cugnan Viejo', 1376, '2000-04-13'),
(105, 9, 29, 21, 30, 1910, 'Sherol Amabile', 608, '2000-12-23'),
(106, 29, 28, 33, 6, 1913, 'Fieugdaunues Vendemmia', 384, '2000-07-16'),
(107, 11, 17, 34, 25, 1950, 'Melbaime Acescence', 374, '2000-07-20'),
(108, 25, 19, 32, 14, 1947, 'Veaurfougne Pétillant', 647, '2000-09-05'),
(109, 31, 10, 1, 47, 1958, 'Gheertzalle Edes', 1276, '2000-01-02'),
(110, 29, 24, 37, 42, 1961, 'Ceirsideaux Cap Classique', 94, '2000-07-05'),
(111, 33, 1, 32, 54, 1941, 'Trorol Amabile', 1247, '2000-11-03'),
(112, 1, 9, 18, 33, 1955, 'Joheim Sec', 1550, '2000-02-25'),
(113, 29, 9, 2, 24, 1887, 'Junais Edes', 1409, '2000-11-02'),
(114, 35, 8, 11, 49, 1912, 'Ghomante Doux', 446, '2000-03-18'),
(115, 29, 26, 20, 10, 1936, 'Chosse Liquoroso', 1325, '2000-03-15'),
(116, 5, 19, 28, 12, 1947, 'Landrereic Blanc', 990, '2000-08-04'),
(117, 22, 27, 13, 7, 1904, 'Coccegueil Cépage', 626, '2000-09-05'),
(118, 5, 16, 37, 14, 1911, 'Shievrarnes Rosso', 1300, '2000-06-03'),
(119, 26, 28, 6, 50, 1886, 'Feaunjina Fume', 294, '2000-02-24'),
(120, 8, 30, 28, 37, 1899, 'Kirtzene Branco', 1872, '2000-02-02'),
(121, 25, 31, 2, 2, 1936, 'Brelbot Adega', 1360, '2000-11-19'),
(122, 4, 17, 3, 4, 1954, 'Yegrube Cépage', 1745, '2000-07-12'),
(123, 24, 8, 23, 37, 1891, 'Yebera Süss', 1372, '2000-02-15'),
(124, 36, 9, 34, 20, 1899, 'Naresco D\'or', 670, '2000-02-19'),
(125, 16, 4, 23, 43, 1922, 'Ghuesus Blanco', 1169, '2000-09-22'),
(126, 5, 17, 22, 49, 1902, 'Ghengiphe Vendemmia', 1273, '2000-11-30'),
(127, 16, 4, 38, 52, 1896, 'Rorthinett', 1470, '2000-06-25'),
(128, 5, 3, 1, 49, 1961, 'Zancemur Piquant', 944, '2000-09-05'),
(129, 21, 15, 35, 11, 1954, 'Sunallon Doux', 1283, '2000-08-01'),
(130, 12, 15, 32, 25, 1918, 'Ortinett Süss', 1353, '2000-02-08'),
(131, 3, 4, 32, 50, 1913, 'Yibria Bianco', 832, '2000-11-02'),
(132, 13, 26, 5, 27, 1921, 'Ulas Rosso', 717, '2000-08-07'),
(133, 16, 25, 4, 32, 1897, 'Vesus Branco', 1808, '2000-09-17'),
(134, 19, 25, 36, 25, 1932, 'Brevens Blanco', 258, '2000-04-11'),
(135, 29, 12, 6, 27, 1934, 'Qonel Blanco', 1357, '2000-04-30'),
(136, 13, 26, 9, 47, 1962, 'Herdinac', 803, '2000-12-19'),
(137, 19, 5, 14, 49, 1928, 'Jenjueufe', 265, '2000-01-21'),
(138, 27, 20, 28, 2, 1963, 'Sivully Edes', 1853, '2000-12-29'),
(139, 31, 20, 16, 27, 1912, 'Ghirnilou Blanco', 1853, '2000-11-07'),
(140, 29, 23, 29, 48, 1936, 'Dontirten Clairet', 848, '2000-03-17'),
(141, 25, 11, 36, 38, 1933, 'Radange Granvas', 1673, '2000-12-19'),
(142, 19, 18, 32, 55, 1894, 'Xanett Fume', 741, '2000-04-15'),
(143, 16, 25, 3, 8, 1952, 'Flabria Fume', 1812, '2000-06-16'),
(144, 1, 20, 5, 14, 1954, 'Ueilage Rosato', 704, '2000-11-21'),
(145, 22, 11, 5, 28, 1951, 'Chena Garrafeira', 916, '2000-03-16'),
(146, 21, 29, 5, 30, 1895, 'Breviatage Cap Classique', 1551, '2000-03-23'),
(147, 4, 13, 1, 22, 1903, 'Fesbaugueil Blanc', 286, '2000-04-17'),
(148, 26, 16, 21, 54, 1942, 'Ximbalese Vendemmia', 771, '2000-07-02'),
(149, 2, 28, 30, 28, 1900, 'Blaivruegeot Annata', 192, '2000-06-02'),
(150, 21, 10, 9, 42, 1904, 'Igdugiens Rich', 1940, '2000-12-09'),
(151, 29, 30, 11, 37, 1935, 'Faquem Rich', 1092, '2000-12-17'),
(152, 4, 15, 29, 15, 1891, 'Deelon Demi-Sec', 1993, '2000-12-24'),
(153, 32, 28, 35, 49, 1930, 'Blalla Rosso', 325, '2000-04-05'),
(154, 21, 19, 33, 49, 1939, 'Floque Halbtrocken', 617, '2000-05-26'),
(155, 34, 28, 2, 36, 1913, 'Ghinche', 762, '2000-06-06'),
(156, 19, 16, 29, 5, 1923, 'Jiolouintre Annata', 1948, '2000-07-23'),
(157, 5, 12, 12, 5, 1908, 'Fruesslaice Noir', 1758, '2000-05-03'),
(158, 21, 6, 9, 3, 1921, 'Frembeaulien Invecchiato', 1646, '2000-08-13'),
(159, 2, 27, 13, 59, 1915, 'Eldtokastel', 902, '2000-07-04'),
(160, 20, 9, 16, 51, 1941, 'Jiegrekastel Cava', 1037, '2000-04-15'),
(161, 34, 29, 18, 11, 1922, 'Dugne Sec', 627, '2000-06-09'),
(162, 20, 18, 2, 54, 1909, 'Linee Blanc', 1388, '2000-08-09'),
(163, 36, 27, 1, 45, 1901, 'Jesne Dolce', 446, '2000-01-06'),
(164, 34, 4, 8, 28, 1963, 'Iheim Dulce', 1394, '2000-12-17'),
(165, 27, 30, 24, 25, 1952, 'Mefe Dulce', 1936, '2000-03-15'),
(166, 33, 1, 23, 54, 1906, 'Ainhiequem Chiaretto', 1983, '2000-07-08'),
(167, 25, 8, 19, 3, 1924, 'Blarfisco Acescence', 1891, '2000-02-18'),
(168, 27, 27, 24, 16, 1893, 'Okuner Classic', 346, '2000-08-03'),
(169, 2, 25, 16, 16, 1894, 'Bruldtavry Mousseux', 463, '2000-07-28'),
(170, 2, 16, 26, 34, 1904, 'Brerseicchus ', 1109, '2000-12-28'),
(171, 28, 27, 26, 17, 1948, 'Gaiville Liquoroso', 641, '2000-06-03'),
(172, 26, 22, 1, 28, 1936, 'Gholet Doce', 1245, '2000-11-06'),
(173, 33, 15, 18, 16, 1933, 'Oms Rosato', 1711, '2000-04-13'),
(174, 11, 12, 28, 28, 1950, 'Mutium Edes', 224, '2000-08-30'),
(175, 20, 27, 23, 44, 1914, 'Freve Dolce', 1324, '2000-04-29'),
(176, 20, 23, 3, 41, 1927, 'Fluntradeaux Vendimia', 1656, '2000-02-21'),
(177, 15, 23, 19, 38, 1921, 'Dombalino Doux', 1193, '2000-05-26'),
(178, 23, 26, 14, 13, 1960, 'Ernueirton', 944, '2000-07-17'),
(179, 24, 17, 26, 32, 1959, 'Gonumes D\'or', 1247, '2000-10-10'),
(180, 34, 8, 8, 51, 1887, 'Cloblambes Piquant', 1502, '2000-01-12'),
(181, 22, 29, 6, 19, 1912, 'Nenis Cava', 400, '2000-06-07'),
(182, 26, 18, 25, 55, 1964, 'Jambes Halbtrocken', 434, '2000-01-08'),
(183, 24, 15, 13, 34, 1895, 'Dhive Granvas', 472, '2000-11-13'),
(184, 5, 17, 32, 23, 1926, 'Luetan Edes', 1270, '2000-01-31'),
(185, 29, 13, 4, 50, 1960, 'Yenay Cava', 53, '2000-01-09'),
(186, 2, 22, 21, 4, 1889, 'Gumchiesis Doux', 148, '2000-04-28'),
(187, 22, 9, 8, 14, 1895, 'Ivueussec Cap Classique', 1308, '2000-03-30'),
(188, 9, 26, 26, 19, 1966, 'Turmichen Pétillant', 1470, '2000-03-30'),
(189, 21, 7, 13, 51, 1913, 'Horsonis Frizzante', 863, '2000-12-10'),
(190, 2, 10, 9, 3, 1892, 'Pondusne Acescence', 1906, '2000-11-02'),
(191, 19, 9, 24, 47, 1900, 'Qilien Adamado', 964, '2000-03-27'),
(192, 15, 22, 12, 49, 1895, 'Bluesis Blanco', 1994, '2000-02-11'),
(193, 8, 4, 16, 43, 1952, 'Lonett Bianco', 1277, '2000-01-30'),
(194, 9, 12, 26, 5, 1904, 'Urol Viejo', 1127, '2000-08-14'),
(195, 3, 4, 38, 21, 1907, 'Taunce Clairet', 1026, '2000-04-07'),
(196, 20, 29, 10, 51, 1941, 'Frocharol Granvas', 151, '2000-09-23'),
(197, 36, 16, 10, 13, 1921, 'Gillueilino', 82, '2000-01-17'),
(198, 3, 26, 34, 18, 1890, 'Clencheoxin', 1857, '2000-02-09'),
(199, 19, 25, 29, 47, 1913, 'Dholblosis Süss', 1950, '2000-11-24'),
(200, 20, 23, 22, 35, 1904, 'Gherculion Pétillant', 444, '2000-12-12'),
(201, 6, 31, 26, 39, 1905, 'Freema', 1040, '2000-01-01'),
(202, 31, 3, 27, 49, 1896, 'Cochage Piquant', 775, '2000-04-12'),
(203, 9, 22, 37, 51, 1941, 'Iquem', 1939, '2000-08-01'),
(204, 20, 15, 23, 27, 1924, 'Gairtin', 1481, '2000-10-18'),
(205, 19, 29, 17, 22, 1901, 'Kiblis Dulce', 1623, '2000-08-12'),
(206, 8, 31, 38, 34, 1928, 'Issuzeaux Classic', 60, '2000-10-25'),
(207, 8, 22, 33, 12, 1933, 'Verrotour', 519, '2000-03-27'),
(208, 22, 7, 26, 33, 1899, 'Jembudol Rosso', 1893, '2000-07-05'),
(209, 33, 10, 32, 4, 1908, 'Seissanche Cap Classique', 1809, '2000-07-28'),
(210, 4, 2, 10, 59, 1892, 'Nemeve Doce', 132, '2000-08-27'),
(211, 26, 21, 25, 57, 1894, 'Ficchus Rich', 1900, '2000-11-20'),
(212, 33, 12, 9, 50, 1957, 'Filion Dolce', 1812, '2000-12-22'),
(213, 12, 9, 18, 20, 1958, 'Eems Cava', 1124, '2000-06-04'),
(214, 12, 27, 12, 6, 1946, 'Xogne Sec', 835, '2000-10-16'),
(215, 36, 8, 23, 4, 1889, 'Luve Adamado', 1175, '2000-03-13'),
(216, 4, 25, 15, 43, 1941, 'Iorbolung Blanc', 459, '2000-12-08'),
(217, 11, 17, 20, 12, 1899, 'Gresbenee Piquant', 1972, '2000-05-26'),
(218, 14, 16, 2, 45, 1913, 'Gajeereic Rosato', 1118, '2000-04-03'),
(219, 2, 15, 12, 15, 1896, 'Grangecano Granvas', 1489, '2000-05-24'),
(220, 35, 14, 37, 1, 1939, 'Kembobeit Rosso', 291, '2000-02-28'),
(221, 34, 26, 7, 19, 1967, 'Ameur Secco', 1579, '2000-09-20'),
(222, 2, 29, 21, 40, 1966, 'Ruchen', 1881, '2000-12-03'),
(223, 28, 4, 17, 35, 1919, 'Blatour Frizzante', 1453, '2000-04-15'),
(224, 19, 2, 4, 59, 1911, 'Xiomes Granvas', 536, '2000-07-02'),
(225, 4, 29, 3, 20, 1928, 'Asson Invecchiato', 958, '2000-03-25'),
(226, 9, 16, 29, 43, 1943, 'Qunjirtin', 445, '2000-11-16'),
(227, 7, 28, 35, 38, 1951, 'Qembrolo Cava', 533, '2000-07-17'),
(228, 10, 29, 21, 29, 1924, 'Fuchentre Edes', 193, '2000-03-26'),
(229, 2, 29, 8, 33, 1892, 'Heinhieugueil Edes', 73, '2000-03-22'),
(230, 14, 22, 5, 32, 1930, 'Munheirno ', 968, '2000-12-12'),
(231, 18, 26, 5, 41, 1927, 'Urre Garrafeira', 681, '2000-11-10'),
(232, 25, 25, 36, 23, 1933, 'Jouince Mousseux', 1329, '2000-07-11'),
(233, 30, 5, 32, 55, 1897, 'Brollo Cap Classique', 437, '2000-06-09'),
(234, 3, 26, 3, 36, 1941, 'Sedol Amabile', 1103, '2000-09-16'),
(235, 32, 27, 5, 23, 1955, 'Freecati Chiaretto', 1607, '2000-02-11'),
(236, 9, 6, 13, 49, 1955, 'Guercesse', 82, '2000-10-13'),
(237, 18, 18, 11, 53, 1930, 'Dhienenac Edes', 1020, '2000-04-13'),
(238, 32, 14, 33, 25, 1907, 'Xentonne Blanco', 1107, '2000-10-11'),
(239, 13, 11, 23, 8, 1962, 'Fueirthobles Vendimia', 992, '2000-01-24'),
(240, 31, 24, 7, 55, 1967, 'Trerthitage Vendemmia', 157, '2000-08-25'),
(241, 14, 26, 11, 10, 1896, 'Gheaunues Sec', 1404, '2000-05-23'),
(242, 27, 21, 9, 10, 1900, 'Xarol Classic', 1680, '2000-11-12'),
(243, 21, 1, 6, 26, 1967, 'Vouilese Rich', 1687, '2000-04-05'),
(244, 30, 21, 38, 10, 1933, 'Kenti Adamado', 705, '2000-08-04'),
(245, 27, 7, 34, 53, 1891, 'Jueisco', 987, '2000-07-25'),
(246, 22, 22, 33, 51, 1917, 'Gagrulien Blanco', 1584, '2000-12-05'),
(247, 11, 29, 19, 54, 1905, 'Nieugnugueil Annata', 1581, '2000-02-23'),
(248, 23, 8, 24, 4, 1904, 'Brimblems Adega', 793, '2000-11-28'),
(249, 5, 8, 35, 53, 1896, 'Cheompueigueil Noir', 1102, '2000-09-27'),
(250, 5, 30, 27, 5, 1961, 'Lissloner Fume', 326, '2000-12-31'),
(251, 34, 5, 14, 14, 1963, 'Froraud Amabile', 1936, '2000-07-22'),
(252, 29, 27, 12, 50, 1967, 'Dirie Rosso', 1247, '2000-11-27'),
(253, 8, 25, 9, 24, 1965, 'Kasco Abboccato', 342, '2000-06-22'),
(254, 6, 23, 1, 51, 1895, 'Grucati Süss', 1532, '2000-03-31'),
(255, 19, 25, 3, 49, 1922, 'Ceimens Viejo', 361, '2000-12-10'),
(256, 21, 7, 34, 26, 1905, 'Bamewer Pétillant', 612, '2000-03-14'),
(257, 6, 18, 35, 27, 1893, 'Coungublis Garrafeira', 800, '2000-02-19'),
(258, 21, 30, 2, 39, 1898, 'Neelsagros', 1553, '2000-08-25'),
(259, 24, 18, 13, 43, 1944, 'Freaursobeutel Noir', 1777, '2000-04-28'),
(260, 36, 19, 28, 51, 1912, 'Uscaquem Cap Classique', 1266, '2000-07-21'),
(261, 33, 12, 15, 23, 1956, 'Yueille Bianco', 1810, '2000-09-17'),
(262, 5, 26, 6, 4, 1923, 'Achen Dolce', 1939, '2000-12-16'),
(263, 10, 9, 25, 14, 1923, 'Ciolino Fume', 1769, '2000-10-28'),
(264, 16, 17, 9, 54, 1919, 'Hinier Blanco', 1318, '2000-09-10'),
(265, 10, 14, 28, 48, 1923, 'Blollon Rosato', 268, '2000-09-10'),
(266, 5, 27, 9, 49, 1906, 'Miorcomune Demi-Sec', 59, '2000-06-14'),
(267, 4, 9, 21, 37, 1930, 'Brasunis Garrafeira', 845, '2000-05-30'),
(268, 35, 23, 34, 38, 1930, 'Tudorons Vendemmia', 1802, '2000-03-05'),
(269, 17, 28, 38, 20, 1945, 'Nargruenote Liquoroso', 584, '2000-01-06'),
(270, 35, 26, 37, 17, 1896, 'Rurchareich Liquoroso', 829, '2000-06-22'),
(271, 14, 15, 1, 59, 1894, 'Zuntre Secco', 138, '2000-05-05'),
(272, 13, 30, 28, 51, 1889, 'Blachage Cap Classique', 1421, '2000-12-08'),
(273, 34, 6, 33, 1, 1893, 'Yisir Süss', 98, '2000-07-06'),
(274, 16, 14, 12, 38, 1924, 'Qiner Branco', 1211, '2000-04-28'),
(275, 18, 20, 22, 5, 1955, 'Dhaxin Fume', 1036, '2000-01-16'),
(276, 25, 17, 19, 58, 1950, 'Grundurie', 1746, '2000-12-23'),
(277, 23, 6, 12, 19, 1906, 'Qeiguvrey Secco', 1299, '2000-06-03'),
(278, 22, 13, 20, 42, 1937, 'Bemmucchio Rosso', 1833, '2000-09-25'),
(279, 9, 19, 31, 5, 1891, 'Wuplouchot Rosso', 960, '2000-07-02'),
(280, 25, 21, 29, 29, 1915, 'Tarmaubles Invecchiato', 285, '2000-02-19');

-- --------------------------------------------------------

--
-- Table structure for table `wine_colors`
--

CREATE TABLE `wine_colors` (
  `wine_color_ID` int(11) NOT NULL,
  `wine_color_name` varchar(20) NOT NULL
) ENGINE=InnoDB DEFAULT CHARSET=latin1;

--
-- Dumping data for table `wine_colors`
--

INSERT INTO `wine_colors` (`wine_color_ID`, `wine_color_name`) VALUES
(1, 'Pale Straw'),
(2, 'Medium Straw'),
(3, 'Deep Straw'),
(4, 'Pale Yellow'),
(5, 'Medium Yellow'),
(6, 'Deep Yellow'),
(7, 'Pale Gold'),
(8, 'Medium Gold'),
(9, 'Deep Gold'),
(10, 'Pale Browm'),
(11, 'Medium Brown'),
(12, 'Deep Brown'),
(13, 'Pale Amber'),
(14, 'Medium Amber'),
(15, 'Deep Amber'),
(16, 'Pale Copper'),
(17, 'Medium Copper'),
(18, 'Deep Copper'),
(19, 'Pale Salmon'),
(20, 'Medium Salmon'),
(21, 'Deep Salmon'),
(22, 'Pale Pink'),
(23, 'Medium Pink'),
(24, 'Deep Pink'),
(25, 'Pale Ruby'),
(26, 'Medium Ruby'),
(27, 'Deep Ruby'),
(28, 'Pale Purple'),
(29, 'Medium Purple'),
(30, 'Deep Purple'),
(31, 'Pale Garnet'),
(32, 'Medium Garnet'),
(33, 'Deep Garnet'),
(34, 'Pale Tawny'),
(35, 'Medium Tawny'),
(36, 'Deep Tawny');

--
-- Indexes for dumped tables
--

--
-- Indexes for table `countries`
--
ALTER TABLE `countries`
  ADD PRIMARY KEY (`country_ID`);

--
-- Indexes for table `customers`
--
ALTER TABLE `customers`
  ADD PRIMARY KEY (`customer_ID`);

--
-- Indexes for table `grape_varieties`
--
ALTER TABLE `grape_varieties`
  ADD PRIMARY KEY (`grape_variety_ID`);

--
-- Indexes for table `purchases`
--
ALTER TABLE `purchases`
  ADD PRIMARY KEY (`purchase_ID`),
  ADD KEY `customer_ID` (`customer_ID`),
  ADD KEY `wine_ID` (`wine_ID`);

--
-- Indexes for table `vineyards`
--
ALTER TABLE `vineyards`
  ADD PRIMARY KEY (`vineyard_ID`);

--
-- Indexes for table `wines`
--
ALTER TABLE `wines`
  ADD PRIMARY KEY (`wine_ID`),
  ADD KEY `color_ID` (`color_ID`),
  ADD KEY `country_ID` (`country_ID`),
  ADD KEY `grape_variety_ID` (`grape_variety_ID`),
  ADD KEY `vineyard_ID` (`vineyard_ID`);

--
-- Indexes for table `wine_colors`
--
ALTER TABLE `wine_colors`
  ADD PRIMARY KEY (`wine_color_ID`);

--
-- Constraints for dumped tables
--

--
-- Constraints for table `countries`
--
ALTER TABLE `countries`
  ADD CONSTRAINT `countries_ibfk_1` FOREIGN KEY (`country_ID`) REFERENCES `wines` (`country_ID`);

--
-- Constraints for table `customers`
--
ALTER TABLE `customers`
  ADD CONSTRAINT `customers_ibfk_1` FOREIGN KEY (`customer_ID`) REFERENCES `purchases` (`customer_ID`);

--
-- Constraints for table `grape_varieties`
--
ALTER TABLE `grape_varieties`
  ADD CONSTRAINT `grape_varieties_ibfk_1` FOREIGN KEY (`grape_variety_ID`) REFERENCES `wines` (`grape_variety_ID`);

--
-- Constraints for table `purchases`
--
ALTER TABLE `purchases`
  ADD CONSTRAINT `purchases_ibfk_1` FOREIGN KEY (`customer_ID`) REFERENCES `customers` (`customer_ID`),
  ADD CONSTRAINT `purchases_ibfk_2` FOREIGN KEY (`wine_ID`) REFERENCES `wines` (`wine_ID`);

--
-- Constraints for table `vineyards`
--
ALTER TABLE `vineyards`
  ADD CONSTRAINT `vineyards_ibfk_1` FOREIGN KEY (`vineyard_ID`) REFERENCES `wines` (`vineyard_ID`);

--
-- Constraints for table `wines`
--
ALTER TABLE `wines`
  ADD CONSTRAINT `wines_ibfk_1` FOREIGN KEY (`color_ID`) REFERENCES `wine_colors` (`wine_color_ID`),
  ADD CONSTRAINT `wines_ibfk_2` FOREIGN KEY (`country_ID`) REFERENCES `countries` (`country_ID`),
  ADD CONSTRAINT `wines_ibfk_3` FOREIGN KEY (`grape_variety_ID`) REFERENCES `grape_varieties` (`grape_variety_ID`),
  ADD CONSTRAINT `wines_ibfk_4` FOREIGN KEY (`vineyard_ID`) REFERENCES `vineyards` (`vineyard_ID`),
  ADD CONSTRAINT `wines_ibfk_5` FOREIGN KEY (`wine_ID`) REFERENCES `purchases` (`wine_ID`);

--
-- Constraints for table `wine_colors`
--
ALTER TABLE `wine_colors`
  ADD CONSTRAINT `wine_colors_ibfk_1` FOREIGN KEY (`wine_color_ID`) REFERENCES `wines` (`color_ID`);

/*!40101 SET CHARACTER_SET_CLIENT=@OLD_CHARACTER_SET_CLIENT */;
/*!40101 SET CHARACTER_SET_RESULTS=@OLD_CHARACTER_SET_RESULTS */;
/*!40101 SET COLLATION_CONNECTION=@OLD_COLLATION_CONNECTION */;
